"","from_id","from_name","message","created_time","type","link","id","story","likes_count","comments_count","shares_count"
"1","1382921215114440","oBike Taiwan","#媽我上電視了
oBike電視劇初登場
#米娜 #Nick #牡丹花開
　
#oBikeTW #共享單車
#騎單車靠邊編 #77oBike","2017-09-15T14:46:23+0000","video","https://youtu.be/sjC45CfQRTo?t=2767","1382921215114440_1625934824146410",NA,18,2,0
"2","1382921215114440","oBike Taiwan","#oBike週五綠色運輸日 #全台唷
#樂活單車任我行
今天(2017/09/15)18:00起至20:00止
全台oBike免費騎！
用邀請碼邀好友下班一起騎單車回家
免費還能賺優惠，一舉兩得！
　
#oBikeTW #共享單車
#騎單車靠邊編 #77oBike","2017-09-15T08:00:00+0000","photo","https://www.facebook.com/oBikeTW/photos/a.1425276647545563.1073741828.1382921215114440/1625914607481765/?type=3","1382921215114440_1625914787481747",NA,86,13,3
"3","1382921215114440","oBike Taiwan","#高雄綠色日 #節能減碳愛地球
2017/09/15 00:00 ~ 23:59
#免費騎乘
高雄綠色日，邀你一起加入城市減碳的行列。
跟著oBike一起享受綠色運具的環保與便捷。
　
#oBikeTW #共享單車
#騎單車靠邊編 #77oBike #高雄","2017-09-14T09:07:12+0000","photo","https://www.facebook.com/oBikeTW/photos/a.1425276647545563.1073741828.1382921215114440/1624795654260327/?type=3","1382921215114440_1624795654260327",NA,206,20,9
"4","1382921215114440","oBike Taiwan","#我行我速
速度，操之在我。
城市，任我行走。
#覺得邊編很文青
#總之就是要說快加入oBike跟著邊編城市趴趴造啦
　
#oBikeTW #共享單車
#騎單車靠邊編 #77oBike","2017-09-14T05:37:09+0000","photo","https://www.facebook.com/oBikeTW/photos/a.1425276647545563.1073741828.1382921215114440/1624757660930793/?type=3","1382921215114440_1624758940930665",NA,31,0,0
"5","1382921215114440","oBike Taiwan","#oBike借問 #填問卷送騎乘券
即日起 ~ 2017/09/20 23:59止
填寫oBike問卷，就可以獲得價值50元oBike騎乘券！
您的意見也是我們改進的動力
我們將為了給每位小騎士都有更棒的騎乘體驗而努力！
　
※騎乘金統一於9/21發送給參加的小騎士，別忘了留下你正確的聯絡資訊唷。
#oBikeTW #共享單車
#騎單車靠邊編 #問卷調查","2017-09-13T08:00:00+0000","link","http://pics.ee/111qt","1382921215114440_1623676691038890",NA,206,52,18
"6","1382921215114440","oBike Taiwan","#神人 #召喚神龍
邊編為了某人可能的幸福，貼出此篇請小騎士們幫神人~~
原PO的朋友遇見了一位穿著白色夾腳拖、約莫20幾歲、從台北騎oBike來到了武嶺的勇者。
　
※注意，是9/10號騎上去的喔，不是上一次那位勇者。
※注意，是9/10號騎上去的喔，不是上一次那位勇者。
※注意，是9/10號騎上去的喔，不是上一次那位勇者。
　
#oBikeTW #共享單車
#騎單車靠邊編 #勇者 #武嶺","2017-09-13T03:42:10+0000","link","https://www.ptt.cc/bbs/Supermission/M.1505229459.A.132.html","1382921215114440_1623531221053437",NA,55,7,2
"7","1382921215114440","oBike Taiwan","不知道果粉小騎士們凌晨是否都守著直播呢？
錯過的也沒關係，早上都有神人們幫我們整理好！
這次的iPhone X實在是太美惹～～～
　
#oBikeTW #共享單車
#騎單車靠邊編 #iPhoneX","2017-09-13T02:42:26+0000","link","https://qooah.com/2017/09/13/iphone-x-everything/","1382921215114440_1623489194390973",NA,17,1,1
"8","1382921215114440","oBike Taiwan","#oBike溫馨小提醒 #防颱措施要做好
颱風又來了，每一個颱風都不可以輕忽他的威力唷！
　
跟著邊編一起來做防颱準備吧！
　
1. 颱風來襲前，應注意電視、廣播、網路或利用「166」「167」氣象錄音電話，隨時收聽(看)颱風消息，了解最新颱風動向。
  　
2. 準備蠟燭、手電筒、電池及手機電池以備停電之需及求援之用。
 　
3. 檢查門窗是否牢靠，關閉非必要門窗，必要時可加釘木板。
 　
4. 房屋外、庭院內，各種懸掛物件應即取下或加強固定 (如廣告招牌、陽台花盆)，以免被風吹落，變成傷人利器。
  　
5. 可多備三、四日之食物、蔬果及乾糧，以備不時之需。
 　
6. 儲水備用，以防斷電停水。
 　
#oBikeTW #共享單車
#騎單車靠邊編 #防颱 #颱風","2017-09-12T10:12:04+0000","link","https://media.giphy.com/media/rfqHIC6vbJ6Jq/giphy.gif","1382921215114440_1622736484466244",NA,11,2,1
"9","1382921215114440","oBike Taiwan","泰利哥，您可以就這樣轉轉轉轉轉北直上就好了嗎～～～
　
#oBike小提醒 #東部北部
各位小騎士別忘了要盡早做好防颱準備唷！
看樣子好像會吃到颱風尾，泰利又只擦過護國神山邊邊而已，所以千萬不可以輕忽他的威力唷。
　
#oBikeTW #共享單車
#騎單車靠邊編 #颱風 #防颱","2017-09-12T05:53:30+0000","link","http://www.appledaily.com.tw/realtimenews/article/new/20170912/1201993/","1382921215114440_1622573951149164",NA,27,4,0
"10","1382921215114440","oBike Taiwan","衝阿！！！！
烏龜騎咖打掐超可愛的啦！
（邊編好佩服這種天氣還能穿布偶裝的操偶師）
　
#oBikeTW #共享單車 #熊讚 #古弟
#騎單車靠邊編 #77oBike","2017-09-12T03:29:01+0000","photo","https://www.facebook.com/oBikeTW/photos/a.1425276647545563.1073741828.1382921215114440/1622489667824259/?type=3","1382921215114440_1622490991157460",NA,51,4,1
"11","1382921215114440","oBike Taiwan","#擇日不如撞日 #減肥不挑時辰
#城市飛輪揪團GOGO
就是今天！
跟胖子邊編一起到國父紀念館騎oBike吧！
願意跟邊編一起運動的請在留言底下留言「＋1」
　
集合地點：國父紀念館戰4號出口
出發時間：19:00(超過時間自己跟上隊伍唷)
繞行地點：國父紀念館周邊自行車道N圈（騎到邊編鐵腿為止）
　
#oBikeTW #共享單車 #騎到你嫑嫑的
#騎單車靠邊編 #77oBike","2017-09-11T05:20:00+0000","photo","https://www.facebook.com/oBikeTW/photos/a.1425276647545563.1073741828.1382921215114440/1621561317917094/?type=3","1382921215114440_1621561567917069",NA,50,16,4
"12","1382921215114440","oBike Taiwan","#oBike0910得獎名單
恭喜小騎士顏迪奇
獲得一萬元！！！！！
請得獎者在2017/09/13 18:00前私訊客服人員
並留下您的聯絡資料。
逾時視同放棄！
　
#oBike天天抽現金 #邊編說了算
　
　
#oBikeTW #共享單車 
#騎單車靠邊編","2017-09-11T04:20:20+0000","photo","https://www.facebook.com/oBikeTW/photos/a.1425276647545563.1073741828.1382921215114440/1620784211328138/?type=3","1382921215114440_1620784211328138",NA,14,3,0
"13","1382921215114440","oBike Taiwan","#每天最喜歡的時刻
騎車穿梭在大街小巷的感覺最棒惹～
你今天也跟邊編一樣騎oBike出門嗎？
　
#oBikeTW #共享單車
#騎單車靠邊編","2017-09-11T02:58:26+0000","photo","https://www.facebook.com/oBikeTW/photos/a.1425276647545563.1073741828.1382921215114440/1621476187925607/?type=3","1382921215114440_1621477624592130",NA,58,12,0
"14","1382921215114440","oBike Taiwan","#oBike0909得獎名單
恭喜小騎士Wen-Hua 文樺
獲得一萬元！！！！！
請得獎者在2017/09/12 18:00前私訊客服人員
並留下您的聯絡資料。
逾時視同放棄！
　
#oBike天天抽現金 #邊編說了算
　
　
#oBikeTW #共享單車 
#騎單車靠邊編","2017-09-10T04:00:00+0000","photo","https://www.facebook.com/oBikeTW/photos/a.1425276647545563.1073741828.1382921215114440/1619976591408900/?type=3","1382921215114440_1619976974742195",NA,21,4,0
"15","1382921215114440","oBike Taiwan","#oBike0908得獎名單
恭喜小騎士Li Guan-Yi
獲得一萬元！！！！！
請得獎者在2017/09/11 18:00前私訊客服人員
並留下您的聯絡資料。
逾時視同放棄！
　
#oBike天天抽現金 #邊編說了算
　
　
#oBikeTW #共享單車 
#騎單車靠邊編","2017-09-09T04:21:34+0000","photo","https://www.facebook.com/oBikeTW/photos/a.1425276647545563.1073741828.1382921215114440/1619372514802641/?type=3","1382921215114440_1619372638135962",NA,26,5,0
"16","1382921215114440","oBike Taiwan","#oBike天天送一萬 #邊編說了算 #獎金送出去啦
今天又有一名得獎者來領獎了！！！
恭喜您獲得一萬元現金獎！
快請邊編吃大餐RRRRRR
　
#oBikeTW #共享單車
#騎單車靠邊編","2017-09-08T11:49:33+0000","photo","https://www.facebook.com/oBikeTW/photos/a.1569299049809988.1073741829.1382921215114440/1618645571542002/?type=3","1382921215114440_1618646561541903",NA,38,7,0
"17","1382921215114440","oBike Taiwan","#夜貓子福利
晚睡的孩子們有福啦！
oBike就是要讓你週末晚上也捨不得回家～～
晚上就跟著邊編趴趴造吧！
　　　免費時段
週五 19:00 ~ 週六 07:00
週六 19:00 ~ 週日 07:00
週日 19:00 ~ 週日 23:59
　
#oBikeTW #共享單車
#騎單車靠邊編","2017-09-08T11:00:00+0000","photo","https://www.facebook.com/oBikeTW/photos/a.1425276647545563.1073741828.1382921215114440/1618590731547486/?type=3","1382921215114440_1618592774880615",NA,183,20,27
"18","1382921215114440","oBike Taiwan","#TGIF #迎向美麗的週末
下班！！！！
任何人都不能阻止我！！！
　
#oBikeTW #共享單車
#騎單車靠邊編","2017-09-08T09:30:00+0000","link","https://media.giphy.com/media/l4Hoan4OykIV2vzH2/giphy.gif","1382921215114440_1618536758219550",NA,16,0,0
"19","1382921215114440","oBike Taiwan","#oBike0907得獎名單
恭喜小騎士Patty Chung
獲得一萬元！！！！！
請得獎者在2017/09/10 18:00前私訊客服人員
並留下您的聯絡資料。
逾時視同放棄！
　
#oBike天天抽現金 #邊編說了算
　
　
#oBikeTW #共享單車 
#騎單車靠邊編","2017-09-08T03:54:17+0000","photo","https://www.facebook.com/oBikeTW/photos/a.1425276647545563.1073741828.1382921215114440/1617741424965750/?type=3","1382921215114440_1617741424965750",NA,17,3,0
"20","1382921215114440","oBike Taiwan","#腦闆 #我們拿這個來抽獎好不好
傳說中的 iPhone 8 要現身啦！！！！
有多少小騎士想要換？！
來底下簽到告訴邊編你喜歡什麼顏色吧！
　
#oBikeTW #共享單車
#騎單車靠邊編","2017-09-08T02:41:52+0000","link","https://applealmond.com/posts/12386","1382921215114440_1618325661573993",NA,146,93,2
"21","1382921215114440","oBike Taiwan","#ㄎㄎ
不知道@天后蔡依林中獎機率會不會比較高~~~
我們拭目以待囉XD
　
#oBikeTW #共享單車
#騎單車靠邊編","2017-09-07T11:51:58+0000","photo","https://www.facebook.com/oBikeTW/photos/a.1425276647545563.1073741828.1382921215114440/1617681171638442/?type=3","1382921215114440_1617681838305042",NA,34,2,0
"22","1382921215114440","oBike Taiwan","#oBike天天送一萬 #邊編說了算 #獎金送出去啦
我們有台北的中獎者來公司領獎啦！！！！！！！
恭喜您幸運中獎RRRRR
大家一定要天天參加活動唷！下一個幸運得主可能就是你！
　
#邊編超羨慕的 
　
#oBikeTW #共享單車
#騎單車靠邊編","2017-09-07T06:46:38+0000","photo","https://www.facebook.com/oBikeTW/photos/a.1425276647545563.1073741828.1382921215114440/1617482764991616/?type=3","1382921215114440_1617483858324840",NA,49,4,0
"23","1382921215114440","oBike Taiwan","#oBike0906得獎名單
恭喜小騎士Kuo Fang Chen 
獲得一萬元！！！！！
請得獎者在2017/09/09 18:00前私訊客服人員
並留下您的聯絡資料。
逾時視同放棄！
　
#oBike天天抽現金 #邊編說了算
　
　
#oBikeTW #共享單車 
#騎單車靠邊編","2017-09-07T03:55:35+0000","photo","https://www.facebook.com/oBikeTW/photos/a.1425276647545563.1073741828.1382921215114440/1616809685058924/?type=3","1382921215114440_1616809685058924",NA,26,4,0
"24","1382921215114440","oBike Taiwan","#oBike在地好康報
本週假日2017/9/9~2017/9/10 
就在南投集集，假日還不知道要去哪裡玩的朋友一定要來看看！
本週六日內地小搖滾開唱囉！
免費入場，歡迎大家一起來參與，為日後復辦正式的內地搖滾加油打氣！
喜歡民謠、靈魂、小清新樂風的可以到好事舞台（樟腦出張所）
喜歡搖滾、電音、熱門樂風的歡迎到集集舞台（火車站站前廣場）
兩樣歌風都喜歡？每個團體都不想錯過？
推薦您騎oBike在雙舞台間移動，一起跟著大家動ㄘ 動～～
#oBikeTW #共享單車
#騎單車靠邊編 #77oBike #南投 #集集 #搖滾","2017-09-07T02:51:59+0000","photo","https://www.facebook.com/JijiMayor/photos/a.728021237269238.1073741828.718362268235135/1640439212694098/?type=3","1382921215114440_1617339288339297","oBike Taiwan shared 陳紀衡 Welcome to Jiji,Taiwan's post.",17,0,0
"25","1382921215114440","oBike Taiwan","#oBike天天抽一萬 #邊編說了算
下班了！
快去騎車！！！！然後到活動貼文底下留言截圖！！！
快！！！！
　
#oBikeTW #共享單車
#騎單車靠邊編 #77oBike","2017-09-06T09:43:22+0000","link","https://media.giphy.com/media/l4FsFdncN7As2UopO/giphy.gif","1382921215114440_1616604188412807",NA,31,5,0
"26","1382921215114440","oBike Taiwan","#oBike0905得獎名單
恭喜小騎士張小欣
獲得一萬元！！！！！
請得獎者在2017/09/08 18:00前私訊客服人員
並留下您的聯絡資料。
逾時視同放棄！
　
#oBike天天抽現金 #邊編說了算
　
　
#oBikeTW #共享單車 
#騎單車靠邊編","2017-09-06T03:54:37+0000","photo","https://www.facebook.com/oBikeTW/photos/a.1425276647545563.1073741828.1382921215114440/1615853508487875/?type=3","1382921215114440_1615853508487875",NA,37,3,0
"27","1382921215114440","oBike Taiwan","各位小騎士有沒有攜帶雨具啊～～～～～
這兩天要提防颱風的風雨唷！
　
#希望谷超是今年最後一個颱風
　
#oBikeTW #共享單車
#騎單車靠邊編 #颱風","2017-09-06T03:35:11+0000","link","http://www.appledaily.com.tw/realtimenews/article/new/20170906/1197942/","1382921215114440_1616399651766594",NA,11,2,0
"28","1382921215114440","oBike Taiwan","跟著 G.E.M. 鄧紫棋 一起支持綠色運具oBike的減碳便利吧！
《Queen Of Hearts》世界巡迴演唱會－悉尼站9月6日（明天）中午12點正式開票！
#我ღ #Sydney #QueenOfHearts

歡迎在澳洲的朋友騎車到Queen of Hearts的城堡，一起支持低碳生活！

#想拼字求婚的小騎士們可以私訊一下邊編XD
#oBikeTW #共享單車
#騎單車靠邊編 #77oBike","2017-09-05T07:08:49+0000","photo","https://www.facebook.com/imeaus/photos/a.1664731537155591.1073741828.1664641793831232/1735102990118445/?type=3","1382921215114440_1615500651856494","oBike Taiwan shared IME AU's post.",20,2,0
"29","1382921215114440","oBike Taiwan","#妖怪出沒 #快來領賞
看到我們不要跑RRRRRR
　
#oBikeTW #共享單車
#騎單車靠邊編 #中元節 #妖怪 #快閃活動","2017-09-05T05:04:44+0000","video","https://www.facebook.com/oBikeTW/videos/1615424325197460/","1382921215114440_1615424325197460","oBike Taiwan was live.",46,11,4
"30","1382921215114440","oBike Taiwan","#oBike0904得獎名單
恭喜小騎士蔡宗甫
獲得一萬元！！！！！
請得獎者在2017/09/07 18:00前私訊客服人員
並留下您的聯絡資料。
逾時視同放棄！
　
#oBike天天抽現金 #邊編說了算
　
　
#oBikeTW #共享單車 
#騎單車靠邊編","2017-09-05T03:57:12+0000","photo","https://www.facebook.com/oBikeTW/photos/a.1425276647545563.1073741828.1382921215114440/1614760395263853/?type=3","1382921215114440_1614760798597146",NA,40,14,1
"31","1382921215114440","oBike Taiwan","#妖怪出沒 #快來領賞
沒錯！就是今天！！！
oBike黑白無償將會出現在台北信義區的某個角落
只要你騎乘自行車遇到我們，你就有機會獲得小驚喜唷！
活動時間：12:00 ~ 16:00
活動地點：台北市信義區市府轉運站至香堤大道之間
　
#oBikeTW #共享單車
#騎單車靠邊編 #中元節 #妖怪 #快閃活動","2017-09-05T03:17:58+0000","photo","https://www.facebook.com/oBikeTW/photos/a.1425276647545563.1073741828.1382921215114440/1614411321965427/?type=3","1382921215114440_1614411321965427",NA,19,3,2
"32","1382921215114440","oBike Taiwan","#中元節
　
來騎車囉～～～～～
　
#單車請勿雙載 #出門騎車請注意路況
　
#oBikeTW #共享單車
#騎單車靠邊編 #77oBike #子時","2017-09-04T15:00:00+0000","link","https://media.giphy.com/media/3ohhwlaqP7ZBgLAEwg/giphy.gif","1382921215114440_1614508241955735",NA,26,3,0
"33","1382921215114440","oBike Taiwan","一早醒來洗澡到一半突然沒熱水
出門要掃描oBike騎車時才發現沒帶手機
一進公司就被老闆「特別照顧」
身為處女座擅長分析的邊編立馬發現事情不單純，立刻去查了一下星座的資訊........
　
結果....摩羯、金牛、處女......四次水逆都中獎.....OTZ
伙伴們，再一次，再一次就結束了吼......加油！
　
#oBikeTW #共享單車
#騎單車靠邊編 #水星逆行","2017-09-04T08:44:23+0000","photo","https://www.facebook.com/oBikeTW/photos/a.1425276647545563.1073741828.1382921215114440/1614456125294280/?type=3","1382921215114440_1614456125294280",NA,25,12,5
"34","1382921215114440","oBike Taiwan","#oBike0903得獎名單
恭喜小騎士王佳傑
獲得一萬元！！！！！
請得獎者在2017/09/06 18:00前私訊客服人員
並留下您的聯絡資料。
逾時視同放棄！
　
#oBike天天抽現金 #邊編說了算
　
　
#oBikeTW #共享單車 
#騎單車靠邊編","2017-09-04T04:46:48+0000","photo","https://www.facebook.com/oBikeTW/photos/a.1425276647545563.1073741828.1382921215114440/1614313831975176/?type=3","1382921215114440_1614320215307871",NA,17,4,0
"35","1382921215114440","oBike Taiwan","又到了不想面對的禮拜一！
一早騎車上班，神清氣爽的開始！
　
#oBikeTW #共享單車
#騎單車靠邊編 #77oBike","2017-09-04T02:36:37+0000","photo","https://www.facebook.com/oBikeTW/photos/a.1425276647545563.1073741828.1382921215114440/1614222405317652/?type=3","1382921215114440_1614224298650796",NA,20,2,0
"36","1382921215114440","oBike Taiwan","#oBike0902得獎名單
恭喜小騎士蔡沛珊
獲得一萬元！！！！！
請得獎者在2017/09/05 18:00前私訊客服人員
並留下您的聯絡資料。
逾時視同放棄！
　
#oBike天天抽現金 #邊編說了算
　
#oBikeTW #共享單車
#騎單車靠邊編","2017-09-03T04:00:00+0000","photo","https://www.facebook.com/oBikeTW/photos/a.1425276647545563.1073741828.1382921215114440/1612334628839763/?type=3","1382921215114440_1612336552172904",NA,38,11,1
"37","1382921215114440","oBike Taiwan","希望明天是個好天氣！
想騎車到處趴趴造~
　
#oBikeTW #共享單車
#騎單車靠邊編 #77oBike","2017-09-02T10:47:24+0000","photo","https://www.facebook.com/oBikeTW/photos/a.1425276647545563.1073741828.1382921215114440/1612275925512300/?type=3","1382921215114440_1612277072178852",NA,42,9,1
"38","1382921215114440","oBike Taiwan","#oBike0901得獎名單
恭喜小騎士Ric Chang 
獲得一萬元！！！！！
請得獎者在2017/09/04 18:00前私訊客服人員
並留下您的聯絡資料。
逾時視同放棄唷~~~~
　
沒有得獎的粉絲們也不要氣餒，我們是天天抽的唷！
請大家每天都要參加喔喔喔喔喔喔！！！
#oBikeTW #共享單車
#騎單車靠邊編","2017-09-02T04:00:00+0000","photo","https://www.facebook.com/oBikeTW/photos/a.1425276647545563.1073741828.1382921215114440/1611278795612013/?type=3","1382921215114440_1611279648945261",NA,37,9,0
"39","1382921215114440","oBike Taiwan","下雨了！下雨了！
該怎麼出去買午餐......
#忘了帶傘的邊編
　
#oBikeTW #共享單車
#騎單車靠邊編","2017-09-01T04:00:00+0000","link","https://media.giphy.com/media/vapAqOnGhSK9W/giphy.gif","1382921215114440_1610769988996227",NA,19,5,0
"40","1382921215114440","oBike Taiwan","#oBike送10萬 #邊編說了算
前言就不多說了，直搗黃龍入正題
活動期間：即日起至2017/09/10 23:59止（共10天）
　
活動辦法：
在本篇貼文底下
1. 分享活動期間內每日 00:00 ~ 23:59 內任騎三次oBike紀錄截圖
2. 留言「Tag你三位身邊的好朋友，oBike萬元現金天天抽，好康活動一定要揪你參加。一起來騎oBike吧！」
3. 公開分享本篇貼文
　
活動贈品：
現金1萬元(10天共10名)
　
抽獎辦法：
1. 邊編每天都會結算前一日00:00~23:59的留言，超過時間列入次日計算。
2. 每次騎乘需超過3分鐘。
3. 邊編每天中午開獎，請密切關注我們粉絲團。
4. 本抽獎活動使用 粉絲團留言抽籤小助手 來抽獎。
　
中獎人須知：
1. 中獎人領獎後需在自己的截圖留言底下發佈領獎圖照。
2. 中獎人需在開獎後三日內私訊聯絡客服人員，逾時放棄。
　
#oBikeTW #共享單車
#騎單車靠邊編
本公司保留活動及活動折價券使用方式的解釋權利。
會員於參加本活動時，即視為同意接受本活動相關規範。本公司有權決定取消、終止、修改或暫停本活動。
除上述活動說明，若有於活動網頁說明之未盡事宜，本公司擁有保留修改活動內容之權利。","2017-08-31T22:30:00+0000","photo","https://www.facebook.com/oBikeTW/photos/a.1425276647545563.1073741828.1382921215114440/1609802782426281/?type=3","1382921215114440_1609802782426281",NA,396,1047,468
"41","1382921215114440","oBike Taiwan","別忘了明天又是週五的綠色單車通勤日唷！
一起相揪來騎車吧！
　
#oBikeTW #共享單車 
#騎單車靠邊編 #77oBike #單車通勤日","2017-08-31T03:43:03+0000","photo","https://www.facebook.com/oBikeTW/photos/a.1425276647545563.1073741828.1382921215114440/1609635775776315/?type=3","1382921215114440_1609638675776025",NA,88,16,0
"42","1382921215114440","oBike Taiwan","#你不可不知道的小腸嗜
蛤？
　
#oBikeTW #共享單車
#騎單車靠邊編 #廢文","2017-08-31T03:10:52+0000","photo","https://www.facebook.com/oBikeTW/photos/a.1425276647545563.1073741828.1382921215114440/1609601349113091/?type=3","1382921215114440_1609615129111713",NA,65,13,0
"43","1382921215114440","oBike Taiwan","#恭喜得獎者
邊編要再次恭喜這位得獎者羅小姐
下班之後再來我們公司領獎
感謝這次參與活動的小騎士們
　
沒得獎的沒關係！
只要你持續關注我們粉絲團
邊編今後也會辦很多很多的活動等你來挑戰唷！
　
一起來騎oBike吧！！！！
#oBikeTW #共享單車
#騎單車靠邊編 #騎車回家請小心","2017-08-30T12:29:12+0000","photo","https://www.facebook.com/oBikeTW/photos/a.1425276647545563.1073741828.1382921215114440/1608899239183302/?type=3","1382921215114440_1608901652516394",NA,70,7,0
"44","1382921215114440","oBike Taiwan","下班！！！
#就這樣淡出辦公室
　
今天的天氣好適合騎車回家RRRR
　
#oBikeTW #共享單車
#騎單車靠邊編 #77oBike","2017-08-30T09:30:00+0000","link","https://media.giphy.com/media/jUwpNzg9IcyrK/giphy.gif","1382921215114440_1608678825872010",NA,30,4,0
"45","1382921215114440","oBike Taiwan","今天的太陽不大
最適合騎車買個下午茶XD
好想每天都這麼悠閒的度過～～～
　
#oBikeTW #共享單車
#騎單車靠邊編 #77oBike #下午茶 #粉紅
#少女心噴發","2017-08-30T07:37:10+0000","photo","https://www.facebook.com/oBikeTW/photos/a.1425276647545563.1073741828.1382921215114440/1608695629203663/?type=3","1382921215114440_1608698039203422",NA,35,4,0
"46","1382921215114440","oBike Taiwan","#得獎名單
恭喜！！！！
羅蕙瑜獨得邊編抖內的獎金！！！！！！！！
請於2017/09/01 18:00前FB私訊客服來領獎唷～～
超過時間視同棄權，感謝每一位參與活動的小騎士，也請大家密切關注我們粉絲團，邊編會繼續辦更多更多的活動跟大家玩的！！！
　
#oBikeTW #共享單車
#騎單車靠邊編","2017-08-30T04:55:04+0000","photo","https://www.facebook.com/oBikeTW/photos/a.1425276647545563.1073741828.1382921215114440/1608597439213482/?type=3","1382921215114440_1608600292546530",NA,49,6,0
"47","1382921215114440","oBike Taiwan","#成就達成 #感謝這位小騎士幫忙
沒變速你也能攻武嶺
實在是太狂太神啦～～～～～～
#有練過就是不一樣
　
#oBikeTW #共享單車
#騎單車靠邊編 #77oBike #戰武嶺","2017-08-29T05:44:00+0000","link","https://www.ptt.cc/bbs/Gossiping/M.1503936959.A.DA0.html","1382921215114440_1607565299316696",NA,358,46,20
"48","1382921215114440","oBike Taiwan","#2000怎麼花邊編說了算　#抽現金
昨天老闆提供的情人節約會津貼
礙於邊緣人邊編根本就沒有對象可以花
所以捐出來跟各位小騎士們玩個小遊戲
　
活動時間：即刻起至2017/08/30 12:00止（12:00指中午喔）
活動方式：
1. 上傳2017/08/29 12:00 ~ 08/30 12:00 內任騎三次oBike紀錄截圖
1. 上傳2017/08/29 12:00 ~ 08/30 12:00 內任騎三次oBike紀錄截圖
1. 上傳2017/08/29 12:00 ~ 08/30 12:00 內任騎三次oBike紀錄截圖
2. 留言「Tag你三位身邊的好朋友，騎車賺現金，謝謝oBike邊編」
3. 公開分享本篇貼文
　
#oBikeTW #共享單車
#騎單車靠邊編 #抽獎活動
本抽獎活動使用 粉絲團留言抽籤小助手 來抽獎","2017-08-29T04:41:23+0000","photo","https://www.facebook.com/oBikeTW/photos/a.1425276647545563.1073741828.1382921215114440/1607519492654610/?type=3","1382921215114440_1607519492654610",NA,149,111,64
"49","1382921215114440","oBike Taiwan","今天真是騎車的好天氣！
發現部分街道牆面都會有著有趣的塗鴉
邊編最喜歡把車子像這樣跟塗鴉合照了XD
　
#oBikeTW #共享單車
#騎單車靠邊編 #77oBike","2017-08-29T02:54:05+0000","photo","https://www.facebook.com/oBikeTW/photos/a.1425276647545563.1073741828.1382921215114440/1607451082661451/?type=3","1382921215114440_1607453102661249",NA,46,4,0
"50","1382921215114440","oBike Taiwan","等等一起回家，好嗎？
晚上要去哪裡吃大餐呢～～～
好期待唷！！！！
（謎之聲：醒醒吧邊編！你沒有女朋友！）
(╯°Д°)╯ ┻━┻
　
#oBikeTW #共享單車
#騎單車靠邊編 #77oBike 
#今天是秦人節 
相傳秦朝時期，人們都在這一天禁止牽手、擁抱。（蛤?","2017-08-28T09:01:36+0000","photo","https://www.facebook.com/oBikeTW/photos/a.1425276647545563.1073741828.1382921215114440/1606531169420109/?type=3","1382921215114440_1606542022752357",NA,53,4,0
"51","1382921215114440","oBike Taiwan","今天也太刺眼了吧！！！！！
連陽光都閃到不肯放過我！！！
#願天下有情人終成父母
　
#oBikeTW #共享單車
#騎單車靠邊編 #邊緣人 #七夕 #閃光 #情人節快樂","2017-08-28T06:01:02+0000","photo","https://www.facebook.com/oBikeTW/photos/a.1425276647545563.1073741828.1382921215114440/1606418122764747/?type=3","1382921215114440_1606419399431286",NA,25,1,0
"52","1382921215114440","oBike Taiwan","#邊緣人 #七夕
不要再提醒我今天是什麼日子了
哥就是邊緣，別再閃我了
　
#oBikeTW #共享單車
#騎單車靠邊編 #邊緣在靠邊編
#ㄈㄓ三單 #單反單車單身 #七夕不關我的事","2017-08-28T02:18:53+0000","photo","https://www.facebook.com/oBikeTW/photos/a.1425276647545563.1073741828.1382921215114440/1606260392780520/?type=3","1382921215114440_1606261376113755",NA,59,6,1
"53","1382921215114440","oBike Taiwan","#8月25日 #巷子口見
老是在上班的時間想著騎oBike回家的歡樂時光嗎
尤其是在禮拜五那業務量減輕許多的午後
倒數幾小時，笑淚交織的感人時光
《街道》將遍佈你的騎跡
再忍忍！就快下班了！
　
#oBikeTW #共享單車
#騎單車靠邊編 #快點下班","2017-08-25T06:31:14+0000","photo","https://www.facebook.com/oBikeTW/photos/a.1425276647545563.1073741828.1382921215114440/1603277993078760/?type=3","1382921215114440_1603280406411852",NA,33,4,1
"54","1382921215114440","oBike Taiwan","各位小騎士們！
禮拜五終於來了！！！（擊掌
今天就是一個適合綠色通勤日的晴朗天
下午我們一起騎卡打掐下班吧～～～
　

#oBikeTW #共享單車
#騎單車靠邊編 #77oBike","2017-08-25T03:32:14+0000","link","https://media.giphy.com/media/l1J3pT7PfLgSRMnFC/giphy.gif","1382921215114440_1603160519757174",NA,42,0,2
"55","1382921215114440","oBike Taiwan","#兩位同學
停在紅線是不對的！
要把車子停在公共合法的停車格裡！
否則會扣信用積分20分唷～～～
　
#oBikeTW #共享單車
#騎單車靠邊編 #停車要停好","2017-08-24T10:45:51+0000","photo","https://www.facebook.com/oBikeTW/photos/a.1425276647545563.1073741828.1382921215114440/1602389683167591/?type=3","1382921215114440_1602393989833827",NA,104,15,3
"56","1382921215114440","oBike Taiwan","#世大運 #台灣加油 #預祝強勢奪金
今天的天氣超適合外出看比賽的啦！
早上的反曲弓金牌賽台灣對上南韓看得我好緊張RRRR
　
#oBikeTW #共享單車
#騎單車靠邊編 
#其實我們一直都在
#這次我們回家比賽 #反曲弓","2017-08-24T03:17:41+0000","photo","https://www.facebook.com/oBikeTW/photos/a.1425276647545563.1073741828.1382921215114440/1602059386533954/?type=3","1382921215114440_1602061269867099",NA,32,4,0
"57","1382921215114440","oBike Taiwan","恭喜台灣跆拳道品勢選手順利奪牌
左起：謝名揚（銀牌）、李晟綱（金牌️）、陳以瑄（銀牌）、陳湘婷（銀牌）、李映萱（銀牌）
你們實在太棒惹！！！為你們感到驕傲！！！

#oBikeTW #共享單車
#騎單車靠邊編 #世大運
#其實我們一直都在
#這次我們回家比賽","2017-08-23T10:46:01+0000","photo","https://www.facebook.com/oBikeTW/photos/a.1569299049809988.1073741829.1382921215114440/1601246299948596/?type=3","1382921215114440_1601251153281444",NA,93,4,1
"58","1382921215114440","oBike Taiwan","#快來玩
即日起至29日止有7天
oBike跟超過40家特色伴手禮店家在這裡等你
地點就在林口社區運動公園的「#新北市集迎賓嘉年華」
讓世大運的外國選手與民眾就近採購
大家鬥陣來血拼、買好物、拿好康，一起嗨翻世大運！
　
#oBikeTW #共享單車
#騎單車靠邊編 #世大運 #新北市 #林口 #選手村
#這次我們回家比賽
#其實我們一直都在","2017-08-23T09:04:32+0000","photo","https://www.facebook.com/oBikeTW/photos/a.1425276647545563.1073741828.1382921215114440/1601173179955908/?type=3","1382921215114440_1601175029955723","oBike Taiwan added 15 new photos — at 林口世大運選手村.",52,5,1
"59","1382921215114440","oBike Taiwan","你看！是oBike大氣球！！！
猜猜看今天邊編出現在哪兒～～～～
　
#oBikeTW #共享單車 #國旗飄揚
#騎單車靠邊編 #世大運","2017-08-23T07:25:02+0000","photo","https://www.facebook.com/oBikeTW/photos/a.1425276647545563.1073741828.1382921215114440/1601111656628727/?type=3","1382921215114440_1601112493295310",NA,50,6,0
"60","1382921215114440","oBike Taiwan","#午休
出發！中午騎車外出買飯去～～～～
今天大家都騎車上班，有好多車可以用（開心
　
#oBikeTW #共享單車
#騎單車靠邊編 #77oBike","2017-08-23T04:36:59+0000","photo","https://www.facebook.com/oBikeTW/photos/a.1425276647545563.1073741828.1382921215114440/1600998126640080/?type=3","1382921215114440_1600999903306569",NA,95,15,0
"61","1382921215114440","oBike Taiwan","#你今天oBike了嗎
邊編最喜歡騎著oBike穿梭在街頭中惹
像這樣邊騎邊逛尋找自己心愛的店
超讚der~~~~~
　
#oBikeTW #共享單車
#騎單車靠邊編 #77oBike","2017-08-22T05:38:50+0000","photo","https://www.facebook.com/oBikeTW/photos/a.1425276647545563.1073741828.1382921215114440/1599998970073329/?type=3","1382921215114440_1600000153406544",NA,38,5,0
"62","1382921215114440","oBike Taiwan","#oBike邊編溫馨提醒
　
颱風來了！別亂跑RRRRR～～～～
會被吹走的！！！
　
#oBikeTW #共享單車
#騎單車靠邊編 #颱風 #天鴿","2017-08-22T03:07:07+0000","link","https://media.giphy.com/media/zVMddn7sZ9Mcg/giphy.gif","1382921215114440_1599916620081564",NA,16,4,0
"63","1382921215114440","oBike Taiwan","#押金退款問與答  #關於退款大小事
一、 我原本有押金900元，我該如何退還押金呢？
請點擊「我的錢包」中的押金選項，並選擇「退還押金」即可。
　
二、 請問押金退還後何時可以到帳？
根據每家銀行的作業流程不同，工作天數也不同，預計會於30天內退刷至您付款時所使用的卡片帳戶中。（如您對實際工作天數有疑問，建議您聯繫您的發卡銀行進行詢問。）
　
三、 請問遇到1元或者30元的費用收取的情況該如何解決？
在您申請信用卡綁定的時候，根據每家銀行的作業流程不同，會向您進行台幣1元或者美金1元的卡片認證流程，此為銀行驗證卡片真偽與交易驗證，並不會進行真實請款，請您無須擔心。

四、退款後可以繼續騎乘嗎？
可以的唷

五、押金可以轉為騎乘金嗎？
不行喔
　
#oBikeTW #共享單車
#騎單車靠邊編 #免押金 #退款","2017-08-21T09:34:43+0000","photo","https://www.facebook.com/oBikeTW/photos/a.1425276647545563.1073741828.1382921215114440/1599086596831233/?type=3","1382921215114440_1599086596831233",NA,127,45,9
"64","1382921215114440","oBike Taiwan","《騎oBike 送經典香水》
七夕情人節想要擁有煥然一新的造型嗎？
oBike X Fersonal男性穿搭服務 聯手為你改頭換面。
　
於8/21-8/27騎乘oBike即有機會獲得貼心好禮！
只要騎乘oBike(出示當周騎乘紀錄）並於連結完成Fersonal穿搭服務報名，即可於現場兌換男性經典品牌香水一瓶。如當日消費，現場可在抽獎將修身西裝外套帶回家！
　
＊免費報名預約   ：https://goo.gl/qemjEi
　
 《oBike鐵粉加碼贈》
凡oBike會員至現場，再贈超準超專業的愛情占卜唷！
　
#oBikeTW #共享單車 #七夕 #情人節
#騎單車靠邊編 #77oBike","2017-08-21T02:44:30+0000","photo","https://www.facebook.com/oBikeTW/photos/a.1425276647545563.1073741828.1382921215114440/1598844746855418/?type=3","1382921215114440_1598846843521875",NA,23,3,7
"65","1382921215114440","oBike Taiwan","#世大運開幕 #世大運
台灣的選手加油！！！！
有人也在會場嗎?來簽到唷！
#其實我們一直都在
#這次我們回家比賽
　
#oBike為台灣加油
#大家都好熱血阿
#oBikeTW #共享單車
#騎單車靠邊編","2017-08-19T10:27:00+0000","photo","https://www.facebook.com/oBikeTW/photos/a.1425276647545563.1073741828.1382921215114440/1597017483704811/?type=3","1382921215114440_1597019383704621","oBike Taiwan added 5 new photos.",88,11,2
"66","1382921215114440","oBike Taiwan","#世大運期間限定
　
即日起至8/30止，騎乘oBike前十分鐘免費唷！
讓我們一起騎oBike去觀看比賽，為台灣加油！
　
#oBikeTW #共享單車 
#騎單車靠邊編 #77oBike","2017-08-19T04:51:23+0000","photo","https://www.facebook.com/oBikeTW/photos/a.1425276647545563.1073741828.1382921215114440/1596803263726233/?type=3","1382921215114440_1596804283726131",NA,127,25,6
"67","1382921215114440","oBike Taiwan","#公告 #電話客服暫停服務
　
因中華電信目前線路故障維修中
因此我們的客服電話將暫停服務
重啟時間會在另行告知
造成各位小騎士的困擾，萬分抱歉，敬請見諒！謝謝！
　
#請大家多多利用FB私訊客服
#或者使用Mail來與客服聯繫
　
#oBikeTW #共享單車
#騎單車靠邊編","2017-08-18T08:00:56+0000","link","https://media.giphy.com/media/26xBGih7tZDID93Bm/giphy.gif","1382921215114440_1595832630489963",NA,21,24,0
"68","1382921215114440","oBike Taiwan","#今天話不多說 #直接剪綵
　
免押金計畫，即日起，正！式！啟！動！
　
#記得要更新APP唷
立即下載 >> https://goo.gl/nNM29S
　
#oBikeTW #共享單車
#騎單車靠邊編 #免押金 #剪綵王","2017-08-18T07:03:31+0000","photo","https://www.facebook.com/oBikeTW/photos/a.1425276647545563.1073741828.1382921215114440/1595798573826702/?type=3","1382921215114440_1595799890493237",NA,378,109,50
"69","1382921215114440","oBike Taiwan","#2017世界大學運動會 #台灣加油
oBike Support!
配合台北市舉辦2017世界大學運動會交通管制
oBike將於2017/08/19 14:00~19:00
於敦化國小及敦化國中大門口附近設立臨時停車點
歡迎各位小騎士們參與國際比賽盛事
一起為台灣小將們加油
現場打卡拍照上傳再送你騎乘獎勵金唷
　
Taipei 2017 Universiade - 世大運
#其實我們一直都在
#這次我們回家比賽
---
8/19（六）世大運開幕典禮
16:30開放觀眾進場，18:00典禮開始
進場資訊、交通管制資訊、違禁品清單看這邊
https://goo.gl/hKc1s9
　
#oBikeTW #共享單車 #世大運 #中華隊加油
#騎單車靠邊編 #77oBike #oBike為台灣加油
立即下載oBike APP >> https://goo.gl/kxWNpr","2017-08-17T06:28:02+0000","photo","https://www.facebook.com/oBikeTW/photos/a.1425276647545563.1073741828.1382921215114440/1594742883932271/?type=3","1382921215114440_1594749103931649",NA,61,15,0
"70","1382921215114440","oBike Taiwan","#oBike報報
8/18-8/21高雄展覽館國際旅展
即將盛大開展
澳門3天2夜只要1,999元起
假日限定五星餐券只要100元
　
逛旅展還有機會免費騎oBike～
　
把握8/17最後一天預約期限
立即搶線上免費門票►►►https://goo.gl/EwMAE5
　
#oBikeTW #共享單車
#騎單車靠邊編 #高雄國際旅展","2017-08-17T03:14:27+0000","photo","https://www.facebook.com/oBikeTW/photos/a.1425276647545563.1073741828.1382921215114440/1594628493943710/?type=3","1382921215114440_1594629947276898",NA,24,8,2
"71","1382921215114440","oBike Taiwan","少女心大噴發！
好喜歡這種馬卡龍系的配色RRRRR
不知道大家在騎oBike的時候有沒有注意到身邊回頭率極高的街景呢？
快來分享給大家吧！
　
#oBikeTW #共享單車
#騎單車靠邊編 #77oBike #街景","2017-08-16T03:42:48+0000","photo","https://www.facebook.com/oBikeTW/photos/a.1425276647545563.1073741828.1382921215114440/1593541254052434/?type=3","1382921215114440_1593544087385484",NA,60,9,1
"72","1382921215114440","oBike Taiwan","#停電
停電了！！！！下班！！！！
(謎之聲：咦？本來就是下班時間阿)
　
可惡！沒賺到！(╯°Д°)╯ ┻━┻ 
　
#oBikeTW #共享單車
#騎單車靠邊編 #下班","2017-08-15T10:26:00+0000","photo","https://www.facebook.com/oBikeTW/photos/a.1425276647545563.1073741828.1382921215114440/1592714190801807/?type=3","1382921215114440_1592715120801714",NA,46,10,0
"73","1382921215114440","oBike Taiwan","#晚點來份下午茶好惹
突然羨慕起位在南半球澳洲的氣候了
邊編還是喜歡冷冷的天氣
各位oBike小騎士們，你們喜歡夏天還是冬天呢？
　
#oBikeTW #共享單車
#騎單車靠邊編 #77oBike #下午茶","2017-08-15T06:27:16+0000","photo","https://www.facebook.com/oBikeTW/photos/a.1425276647545563.1073741828.1382921215114440/1592568350816391/?type=3","1382921215114440_1592569804149579",NA,44,4,0
"74","1382921215114440","oBike Taiwan","今天的早上我起床開窗的反應大概就是這樣～
這輩子從來沒有覺得太陽這麼亮過！
差點來不及進公司！一路騎oBike狂奔！
成功准點到達～～～喔耶！！！
　
#oBikeTW #共享單車
#騎單車靠邊編 #77oBike #今天沒遲到","2017-08-15T02:50:44+0000","link","https://media.giphy.com/media/CPutABwbvXC92/giphy.gif","1382921215114440_1592429624163597",NA,22,3,0
"75","1382921215114440","oBike Taiwan","#MyCityMyWay
我的城市，無所不行
在你的城市裡，是否也有這麼一個地點
會讓你留連忘返，瘋狂拍照的地方呢？
　
#oBikeTW #共享單車
#騎單車靠邊編","2017-08-14T06:50:00+0000","photo","https://www.facebook.com/oBikeTW/photos/a.1425276647545563.1073741828.1382921215114440/1591471054259454/?type=3","1382921215114440_1591473314259228",NA,46,7,0
"76","1382921215114440","oBike Taiwan","#免押金方案 #TAIWANONLY
不管你是oBiker、UBiker還是Vbiker
一同加入單車綠色交通的大家族！
　
oBike 將執行免押金計畫，邀請熱愛綠能單車，環保愛地球的您，加入我們！密切關注oBike 官方粉絲團以及APP，免押金計畫即將啟動，敬請期待！
　
響應國際體育盛事，oBike祭出史上最高優惠，在世大運期間（8月19日凌晨0點至8月30日24點），福利震撼彈「全台灣長達十二天免費騎乘oBike」，邀請全台體驗共享單車輕鬆完成交通運輸的「最後一哩路」，提供每次行程前10分鐘免費的服務，無論是去參加世大運為台灣選手加油，或是所有生活交通大小事，oBike與全民一起引領台灣觀光、通勤單車綠色交通新力量！
　
#oBikeTW #共享單車
#騎單車靠邊編 #77oBike #免費騎乘","2017-08-12T11:35:41+0000","photo","https://www.facebook.com/oBikeTW/photos/a.1425276647545563.1073741828.1382921215114440/1589429301130296/?type=3","1382921215114440_1589429301130296",NA,452,95,46
"77","1382921215114440","oBike Taiwan","#你今天oBike了嗎
天氣這麼棒的週末假日
大家都喜歡在哪裡騎車呢？
來跟邊編分享一下吧！
　
#oBikeTW #共享單車
#騎單車靠邊編 #77obike","2017-08-12T03:49:56+0000","photo","https://www.facebook.com/oBikeTW/photos/a.1425276647545563.1073741828.1382921215114440/1589115441161682/?type=3","1382921215114440_1589116741161552",NA,75,13,0
"78","1382921215114440","oBike Taiwan","#週末觀日落
走吧走吧！一起騎oBike回家吧！
週末前夕，伴著夕陽回家，整個就超浪漫der
想好放假要去哪玩了嗎？
　
#本週邊編依然想放空
#oBikeTW #共享單車
#騎單車靠邊編 #77oBike #下班","2017-08-11T09:30:00+0000","photo","https://www.facebook.com/oBikeTW/photos/a.1425276647545563.1073741828.1382921215114440/1588061737933719/?type=3","1382921215114440_1588063337933559",NA,50,5,0
"79","1382921215114440","oBike Taiwan","#oBike在地好康報
基隆的朋友一定要來！
　
2017/08/26 
八斗子觀光漁港廣場舉辦「星晨碼頭 沁涼啤酒趴 盛夏,食鮮味」
現場還有1,000份限量超值組合【酥炸黃金蟹4塊+川燙小卷7隻+ 500ml金牌台灣啤酒一瓶】200元 / 份
更有樂團Live演唱及推啤酒杯、喝啤酒比賽
是不是很心動啊！
一起相揪騎oBike去參加吧！
　
#oBikeTW #共享單車
#騎單車靠邊編 #77oBike #基隆 #八斗子","2017-08-11T03:00:07+0000","photo","https://www.facebook.com/keelung.klfish/photos/a.125955257741387.1073741829.125865344417045/503906613279581/?type=3","1382921215114440_1587942837945609","oBike Taiwan shared 基隆區漁會's post.",21,2,0
"80","1382921215114440","oBike Taiwan","雪梨～我們來啦！！！讓大家久等了！
在澳洲或者正要過去朋友們有福囉！
一機在手，世界環遊（單押X2
　
趕緊下載APP吧 >> https://goo.gl/to1YR3
　
#oBikeTW oBike Australia #共享單車
#騎單車靠邊編 #雪梨","2017-08-10T09:23:18+0000","photo","https://www.facebook.com/oBikeTW/photos/a.1425276647545563.1073741828.1382921215114440/1587060821367144/?type=3","1382921215114440_1587063921366834","oBike Taiwan is feeling 很可以.",46,5,0
"81","1382921215114440","oBike Taiwan","#ILOVEOBIKE
無時無刻，隨租隨騎！
明天就是週五綠色單車日！
讓我們一起騎乘oBike通勤吧～～～
　
#oBikeTW #共享單車 #77obike
#騎單車靠邊編 #單車通勤日","2017-08-10T05:09:57+0000","photo","https://www.facebook.com/oBikeTW/photos/a.1425276647545563.1073741828.1382921215114440/1586913864715173/?type=3","1382921215114440_1586915331381693",NA,63,14,0
"82","1382921215114440","oBike Taiwan","#oBike辦公室日常
今天早上
營運部的同事突然這樣看著我！！！
我好像瞬間知道了什麼！！！！
(塊陶～～～
　
#oBikeTW #共享單車
#騎單車靠邊編 #注意同事詭異的笑容","2017-08-10T03:10:07+0000","link","https://media.giphy.com/media/l46Cbqvg6gxGvh2PS/giphy.gif","1382921215114440_1586822334724326",NA,12,2,0
"83","1382921215114440","oBike Taiwan","今天真的
超！！！級！！！熱！！！
#懶得打字了
　
#oBikeTW #共享單車
#騎單車靠邊編 #77oBike
#彷彿後面跟著噴火龍","2017-08-09T08:39:21+0000","photo","https://www.facebook.com/oBikeTW/photos/a.1425276647545563.1073741828.1382921215114440/1585938958145997/?type=3","1382921215114440_1585939868145906",NA,61,8,1
"84","1382921215114440","oBike Taiwan","#騎三送三
即日起至8/15止，七天內只要騎乘累積滿三次以上！
沒錯！就是三次以上！
我們就在8/17送你三張5元騎乘金！
一起來 #77oBike 吧！！！
立即下載APP >> https://goo.gl/zkaWbF
　
#oBikeTW #共享單車
#騎單車靠邊編","2017-08-09T05:53:05+0000","photo","https://www.facebook.com/oBikeTW/photos/a.1425276647545563.1073741828.1382921215114440/1585836391489587/?type=3","1382921215114440_1585836438156249",NA,94,60,6
"85","1382921215114440","oBike Taiwan","#得獎名單
父親節快樂阿！
恭喜「Hsin-Yi Celine Tung 」獲得膠囊咖啡機～～～
也感謝分享的粉絲們
別忘了要在2017/08/11 中午12:00以前私訊邊編領獎喔！超過時間就視同放棄唷！！！
　
#obikeTW #共享單車
#騎單車靠邊編 #父親節快樂 #付清節","2017-08-08T10:47:17+0000","photo","https://www.facebook.com/oBikeTW/photos/a.1425276647545563.1073741828.1382921215114440/1584865594920000/?type=3","1382921215114440_1584867994919760",NA,23,4,0
"86","1382921215114440","oBike Taiwan","#88節
父親節快樂，就是愛oBike！YO！（單押X2
　
感恩父親小心翼翼的雙手保護
感謝父親大膽勇敢的放開雙手
能有今天的成就
不管快樂或悲傷
我知道，轉身之後
都會有你在
老爸，我愛你
　
#我覺得可以
#oBikeTW #共享單車
#騎單車靠邊編 #77oBike #父親節","2017-08-08T07:27:05+0000","photo","https://www.facebook.com/oBikeTW/photos/a.1425276647545563.1073741828.1382921215114440/1584713381601888/?type=3","1382921215114440_1584716708268222",NA,43,5,3
"87","1382921215114440","oBike Taiwan","#溫馨提醒
騎完oBike要記得把車子停放在公共合法的停車格唷
一旦被檢舉違停，將被扣除信用積分20分
　
#oBikeTW #共享單車
#騎單車靠邊編 #養成良好的停車習慣","2017-08-08T03:21:57+0000","photo","https://www.facebook.com/oBikeTW/photos/a.1425276647545563.1073741828.1382921215114440/1584557158284177/?type=3","1382921215114440_1584558421617384",NA,140,25,3
"88","1382921215114440","oBike Taiwan","每個小騎士一定有屬於你自己的歌單
大家在騎oBike的時候都會聽什麼樣的音樂呢？
快來跟邊編分享一下吧！
　
#oBikeTW #共享單車
#騎單車靠邊編 #屬於你的歌單 #77oBike","2017-08-07T06:33:49+0000","photo","https://www.facebook.com/oBikeTW/photos/a.1425276647545563.1073741828.1382921215114440/1583386061734620/?type=3","1382921215114440_1583388281734398","oBike Taiwan is with 林文榮.",28,0,0
"89","1382921215114440","oBike Taiwan","我到現在還是不敢相信現在是禮拜一
　
邊編現在好焦慮，好多報告要整理
不知道各位小騎士們禮拜一是否都特別忙碌呢？
 　
#oBikeTW #共享單車
#騎單車靠邊編 #Monday","2017-08-07T02:53:34+0000","link","https://media.giphy.com/media/iNfyKyVvOkYSs/giphy.gif","1382921215114440_1583188895087670",NA,21,1,0
"90","1382921215114440","oBike Taiwan","#週末鐵馬趴趴造
大家今天打算騎oBike去哪玩～～
吃什麼美食呢～～～
　
邊編就想懶懶得待在海邊放空
　
#oBikeTW #共享單車
#騎單車靠邊編 #77obike","2017-08-05T01:00:00+0000","photo","https://www.facebook.com/oBikeTW/photos/a.1425276647545563.1073741828.1382921215114440/1579747955431764/?type=3","1382921215114440_1579749528764940",NA,70,20,5
"91","1382921215114440","oBike Taiwan","#TGIF
走！快走！
騎上oBike快樂迎向週末！！！！！！！！
#溫馨提醒
沒錯！今天禮拜五！
　
#oBikeTW #共享單車
#騎單車靠邊編 #77oBike","2017-08-04T09:30:00+0000","link","https://media.giphy.com/media/3osxYqCoxc03ZaTK9i/giphy.gif","1382921215114440_1579580068781886",NA,37,8,2
"92","1382921215114440","oBike Taiwan","#北門變得超美der #遇見台北
下班一起騎oBike去走走吧！
　
臺北的北門，正式的名字是承恩門。
是清朝時期城門建築，是當時臺北城的正門，落成於清光緒十年（1884年），更是臺北五大城門中唯一保持建城原貌的城門。
　
承恩門外原建有甕城，今已不存。其命名因為於台北城之北，朝向北方，有「承接天恩」的意思，因此得名。
　
#oBikeTW #共享單車
#騎單車靠邊編 #鐵馬趴趴造","2017-08-04T06:51:30+0000","photo","https://www.facebook.com/DoctorKoWJ/photos/a.136856586416330.19357.136845026417486/1086045251497454/?type=3","1382921215114440_1579601608779732","oBike Taiwan shared 柯文哲's photo.",52,7,0
"93","1382921215114440","oBike Taiwan","啊～～～～～～～～
浮起來吧！！！！！
#願原力與你同在
　
#oBikeTW #共享單車
#騎單車靠邊編 #街頭藝人 #星際大戰","2017-08-04T05:38:27+0000","photo","https://www.facebook.com/oBikeTW/photos/a.1425276647545563.1073741828.1382921215114440/1579549702118256/?type=3","1382921215114440_1579550872118139",NA,35,3,2
"94","1382921215114440","oBike Taiwan","#oBike小提醒
騎完車車要停好！
記得停在公共合法的停車格唷！
　
#oBikeTW #共享單車
#騎單車靠邊編","2017-08-03T04:00:30+0000","photo","https://www.facebook.com/oBikeTW/photos/a.1425276647545563.1073741828.1382921215114440/1578356658904227/?type=3","1382921215114440_1578358552237371",NA,115,19,2
"95","1382921215114440","oBike Taiwan","不要再下雨惹！！！！
一定要放上藍天白雲的照片，這才是夏天RRRRR
　
#oBikeTW #共享單車
#騎單車靠邊編 #77oBike","2017-08-02T06:27:03+0000","photo","https://www.facebook.com/oBikeTW/photos/a.1392045794201982.1073741826.1382921215114440/1577248539015039/?type=3","1382921215114440_1577248692348357","oBike Taiwan updated their cover photo.",49,9,1
"96","1382921215114440","oBike Taiwan","#每到夏天我要去海邊
才禮拜三，我就開始在想念在海邊騎車的感覺了
週末快點來RRRRRRR
　
#oBikeTW #共享單車
#騎單車靠邊編 #77oBike","2017-08-02T03:11:26+0000","photo","https://www.facebook.com/oBikeTW/photos/a.1425276647545563.1073741828.1382921215114440/1577130112360215/?type=3","1382921215114440_1577131855693374",NA,24,2,0
"97","1382921215114440","oBike Taiwan","#台北市收費機車格停車格不能停
邊編前陣子有提醒過各位小騎士們，自2017/08/01起，台北市「收費」機車格是不可以停放單車的唷！違規市府單位將會拖吊，還請大家不要違規停放。
台北市「收費」機車格不可以停放單車
台北市「收費」機車格不可以停放單車
台北市「收費」機車格不可以停放單車
　
以下26位用戶，邊編只能說抱歉！
根據oBike用戶信用積分規定
違停一次（私人住宅區、地下室、社區中庭及其他非路邊白線或合法公共停車格）
將扣取信用積分20分
　
還請各位用戶務必遵守規定唷！
　
#oBikeTW #共享單車
#騎單車靠邊編 #違規停放會扣分","2017-08-01T11:41:18+0000","photo","https://www.facebook.com/oBikeTW/photos/a.1425276647545563.1073741828.1382921215114440/1576395549100338/?type=3","1382921215114440_1576395549100338",NA,114,25,7
"98","1382921215114440","oBike Taiwan","#減碳狂人得獎名單
減碳達人就是你們啦！！！
感謝各位小騎士們熱烈參與，沒得獎的朋友們不用擔心，要多多參加oBike的粉絲團小活動唷！更多好禮等你拿！
　
得獎的小騎士們，請於2017/08/04(五) 22:00前，私訊粉絲團找邊編領取折扣代碼唷！逾時不補發喔～～～
　
#oBikeTW #共享單車
#騎單車靠邊編 #粉絲團抽獎活動","2017-08-01T09:40:09+0000","photo","https://www.facebook.com/oBikeTW/photos/a.1425276647545563.1073741828.1382921215114440/1576309829108910/?type=3","1382921215114440_1576309865775573",NA,35,0,1
"99","1382921215114440","oBike Taiwan","各位小騎士們，oBike在英國、荷蘭、新加坡、馬來西亞、泰國、澳大利亞、韓國、瑞士、台灣等城市都上線囉！
現在大家一機在手，就可以世界走透透囉！
未來oBike也會很努力的在更多城市開通為大家服務der~~~
請大家拭目以待！
　
#oBikeTW #共享單車
#騎單車靠邊編 #環遊世界","2017-08-01T07:14:16+0000","photo","https://www.facebook.com/oBikeTW/photos/a.1425276647545563.1073741828.1382921215114440/1576203459119547/?type=3","1382921215114440_1576203459119547",NA,114,11,7
"100","1382921215114440","oBike Taiwan","#oBikeLove88
我愛老爸粉絲團抽獎活動來囉！
即日起至2017/08/07 23:59止
在本篇貼文留言中，上傳你和老爸騎乘oBike的照片，並留下想對老爸說的話！
你就有機會抽中「雀巢膠囊咖啡機」唷！(一名)
　
分享本篇貼文並Hashtag[#oBikeLove88]還有機會獲得10張5元騎乘金喔！(5名)
　
#oBikeTW #共享單車
#騎單車靠邊編 #父親節快樂","2017-08-01T02:45:16+0000","photo","https://www.facebook.com/oBikeTW/photos/a.1425276647545563.1073741828.1382921215114440/1576029382470288/?type=3","1382921215114440_1576041459135747","oBike Taiwan is celebrating Father's Day.",36,3,6
"101","1382921215114440","oBike Taiwan","下班囉！！！
颱風過後就是要騎oBike回家啊～～～
#72小時全台免費騎乘
　
#oBikeTW #共享單車
#騎單車靠邊編 #77oBike","2017-07-31T09:30:00+0000","photo","https://www.facebook.com/oBikeTW/photos/a.1425276647545563.1073741828.1382921215114440/1575102362562990/?type=3","1382921215114440_1575105529229340",NA,91,15,4
"102","1382921215114440","oBike Taiwan","#颱風掰掰 #77oBike
各位小騎士久等啦！
oBike於今早6:00開始恢復營運，很抱歉讓大家等這麼久
登愣~~~所以我們將提供免費騎乘72小時(至8/3 06:00止)
大家一起騎車出門吧！
　
#oBikeTW #共享單車
#騎單車靠邊編 #免費騎乘","2017-07-30T22:00:00+0000","photo","https://www.facebook.com/oBikeTW/photos/a.1425276647545563.1073741828.1382921215114440/1574242355982324/?type=3","1382921215114440_1574244912648735",NA,165,18,11
"103","1382921215114440","oBike Taiwan","#oBike防颱巡檢
oBike在本次雙颱來襲，也是初體驗。
在這次除了事先的防颱準備，在颱風過後我們更巡視了超過1000個自行車停放區，進行巡邏、檢查、整理等工作，也希望各位民眾走在路上，無論發現是私人腳踏車，或者公共自行車跌倒，能伸出援手幫忙扶一把唷！
　
#oBikeTW #共享單車
#騎單車靠邊編 #調度大哥們辛苦了
#尼莎颱風 #海棠颱風","2017-07-30T12:07:12+0000","video","https://www.facebook.com/oBikeTW/videos/1574084702664756/","1382921215114440_1574084702664756",NA,166,15,4
"104","1382921215114440","oBike Taiwan","#WeAreReady
颱風來襲，防颱措施要有。
oBike全台各地防颱準備就緒！
邊編提醒您，颱風越來越近了，要做好防颱準備，小心安全喔！
　
為保障每一位騎士的生命安全，oBike已於7/29 15:00 全面暫停營運服務，開放時間將另行公布，提醒民眾，最新異動請密切注意oBike官方粉絲團及oBike APP查詢相關訊息。
　
#oBikeTW #共享單車
#騎單車靠邊編 #調度大哥們辛苦了
#尼莎颱風","2017-07-29T08:21:46+0000","photo","https://www.facebook.com/oBikeTW/photos/a.1425276647545563.1073741828.1382921215114440/1572970962776130/?type=3","1382921215114440_1572974086109151",NA,87,8,3
"105","1382921215114440","oBike Taiwan","各位小騎士這兩天如果發現車子變少了，請不用擔心喔！
　
從昨天傍晚開始oBike 就針對空曠地區或接近海岸的車輛開始回收保管，或是採分區多點集中綑綁的作業方式，市區的車輛也會加強自主巡邏查看。
　
為保障每一位騎士的生命安全，oBike已於7/29 15:00 全面暫停營運服務，開放時間將另行公布，提醒民眾，最新異動請密切注意oBike官方粉絲團及oBike APP查詢相關訊息。
　
#oBikeTW #共享單車
#騎單車靠邊編 #調度大哥們辛苦了
#尼莎颱風","2017-07-29T07:15:11+0000","photo","https://www.facebook.com/oBikeTW/photos/a.1425276647545563.1073741828.1382921215114440/1572932636113296/?type=3","1382921215114440_1572935789446314",NA,246,29,4
"106","1382921215114440","oBike Taiwan","#颱風公告
自7月29日15:00起，全台地區因受到尼莎颱風影響，為保障每一位騎士的生命安全，oBike將全面暫停營運服務，開放時間將另行公布，提醒民眾，最新異動請密切注意oBike官方粉絲團及oBike APP查詢相關訊息。
　
#oBikeTW #共享單車
#騎單車靠邊編","2017-07-29T03:35:08+0000","photo","https://www.facebook.com/oBikeTW/photos/a.1425276647545563.1073741828.1382921215114440/1572694239470469/?type=3","1382921215114440_1572694776137082",NA,108,24,3
"107","1382921215114440","oBike Taiwan","颱風真的要來啦！！！！
花東的朋友要多注意啊～～～
大家大家～要記得趕快做好防颱準備喔！
　
#oBikeTW #共享單車
#騎單車靠邊編","2017-07-28T07:17:46+0000","link","http://www.cna.com.tw/news/firstnews/201707285008-1.aspx","1382921215114440_1571752809564612",NA,69,7,0
"108","1382921215114440","oBike Taiwan","#全球首發 #智慧城市停車點啟動
oBike與台北市政府合作，一同打造智慧城市
現在開啟App，停車點位報你知！
再也不會停錯地方囉！

#oBikeTW #共享單車
#騎單車靠邊編 #台北市","2017-07-28T01:05:01+0000","photo","https://www.facebook.com/oBikeTW/photos/a.1425276647545563.1073741828.1382921215114440/1571484009591492/?type=3","1382921215114440_1571484009591492",NA,626,44,21
"109","1382921215114440","oBike Taiwan","#單車通勤日 #77obike
今天就一起騎乘oBike去上班吧！
節能減碳，從我開始。
　
#oBikeTW #共享單車
#騎單車靠邊編","2017-07-27T23:00:00+0000","photo","https://www.facebook.com/oBikeTW/photos/a.1425276647545563.1073741828.1382921215114440/1570550269684866/?type=3","1382921215114440_1570551539684739",NA,61,16,1
"110","1382921215114440","oBike Taiwan","#三芝
三芝的救援小組，已經順利的將河中的車輛全數收回。
請大家將車輛停放在合法的公共停車格中。
千萬不要歸還在河裡或海裡了，謝謝！
　
#oBikeTW #共享單車 #救援小組
#騎單車靠邊編 #大哥們辛苦了","2017-07-27T08:12:44+0000","photo","https://www.facebook.com/oBikeTW/photos/a.1425276647545563.1073741828.1382921215114440/1570600089679884/?type=3","1382921215114440_1570600089679884",NA,318,58,9
"111","1382921215114440","oBike Taiwan","吃完午餐，立馬衝回辦公室。
超怕下雨的有沒有
　
#颱風不要來RRR
　
#oBikeTW #共享單車
#騎單車靠邊編 #77oBike","2017-07-27T05:48:51+0000","photo","https://www.facebook.com/oBikeTW/photos/a.1425276647545563.1073741828.1382921215114440/1570519513021275/?type=3","1382921215114440_1570520203021206",NA,70,10,0
"112","1382921215114440","oBike Taiwan","???  Σ(O口O)!  ???
到底為什麼會有把垃圾留在置物籃裡的念頭？
不只oBike，只要有菜籃的交通工具都會有這樣的待遇，到底為什麼？
　
　
#oBikeTW #共享單車
#騎單車靠邊編 #自己的垃圾自己丟","2017-07-27T03:10:25+0000","photo","https://www.facebook.com/oBikeTW/photos/a.1425276647545563.1073741828.1382921215114440/1570397823033444/?type=3","1382921215114440_1570397823033444",NA,112,38,3
"113","1382921215114440","oBike Taiwan","#oBike好康報報 #好友相揪騎鐵馬
　
每成功邀請一位好友註冊oBike
你就可以獲得3張5元騎乘獎勵金！
趕快邀請你身邊的好朋友吧！
　
#oBikeTW #共享單車
#騎單車靠邊編 #77oBike","2017-07-26T05:00:00+0000","photo","https://www.facebook.com/oBikeTW/photos/a.1425276647545563.1073741828.1382921215114440/1569235743149652/?type=3","1382921215114440_1569236296482930",NA,525,29,2
"114","1382921215114440","oBike Taiwan","#溫馨提醒 #台北市
各位小騎士注意唷！
自2017/08/01起，台北市自行車禁停「收費」停車格，請各位oBiker停放時要多加注意唷！
如停在禁停區域停放遭到用戶檢舉，也會扣取您的信用積分20分唷！
　
#oBikeTW #共享單車
#騎單車靠邊編 #禁停區域","2017-07-26T03:43:20+0000","photo","https://www.facebook.com/oBikeTW/photos/a.1425276647545563.1073741828.1382921215114440/1569229779816915/?type=3","1382921215114440_1569232396483320",NA,99,25,3
"115","1382921215114440","oBike Taiwan","各位小騎士們對於共享單車的議題，一定有許多想問的問題。
這次我們總經理也受邀至 TechOrange 科技報橘 的直播訪問，將一一位各位解答唷！
　　　
與台北市政府共同打造智慧停車點：
未來oBike 在 App 中會直接看到停車的引導圖，將與台北市政府共同合作，此舉也是全球首發，台北市政府在開放資料平台中就有自行車架的 GIS 點位圖，目前台灣開放資料是採用「台灣本地坐標系“TWD97”」，不過資料沒有包含「經緯度」，oBike也自行出資將資料提交至美國的實驗室進行轉檔作業，轉換成「WGS84坐標系」，已完成轉檔後（有經緯度的資料），oBike 承諾將反饋這份資料給政府，未來將會有利於台北市政府在管理上的便利。
未來其他城市若需要此技術，oBike也樂於分享，將會把這份與政府開放資料合作所轉檔出來的資料，回捐給政府，一同打造綠色智慧的城市。
　　
智慧城市的推廣願景：
現在oBike 與新加坡政府的合作非常密切，提供了OD資料圖（車輛使用的起點、終點與路徑圖）與熱力圖。舉例來說，政府可以發覺哪些地方使用密度很高，該地的公眾運輸可能不足，或需要設立更完整的腳踏車道。未來在台灣，oBike也會配合台灣的智慧城市發展，提供相關資料以進行建置規劃。
　
關於權利金的議題：
目前台灣相關共享單車自治條例法規尚未成形，未來若政府有相關規定，oBike也會全力配合執行。
　
#oBikeTW #共享單車
#騎單車靠邊編 #智慧城市","2017-07-25T11:27:25+0000","video","https://www.facebook.com/TechOrange/videos/1465648863457848/","1382921215114440_1568347743238452","oBike Taiwan shared TechOrange 科技報橘's live video.",68,8,0
"116","1382921215114440","oBike Taiwan","#協尋
請最後一位使用者
儘速與我們聯繫
我們非常擔心您的安危
我們非常擔心您的安危
我們非常擔心您的安危
請您務必與我們聯繫
謝謝
　
#oBikeTW #共享單車
#騎單車靠邊編 #消波塊","2017-07-25T08:47:39+0000","photo","https://www.facebook.com/oBikeTW/photos/a.1425276647545563.1073741828.1382921215114440/1568206943252532/?type=3","1382921215114440_1568206943252532","oBike Taiwan is feeling scared.",511,168,66
"117","1382921215114440","oBike Taiwan","剛邊編正想騎oBike去買飯時
好巧不巧，只剩最後一台
就這麼剛好，一位白色熱褲辣妹走向那台車
就差那麼幾步之遙.......
#目送她離開
　
#騎單車靠邊編 #別最後一個離開辦公室
#共享單車 #oBikeTW #被同事拋棄的邊緣人","2017-07-25T06:00:14+0000","link","https://media.giphy.com/media/Nm8ZPAGOwZUQM/giphy.gif","1382921215114440_1568092229930670",NA,32,6,0
"118","1382921215114440","oBike Taiwan","#減碳狂人就是你
即日起至2017/7/31 23:59止
在本篇貼文底下留言附上你的減碳記錄
並留言「94愛地球，@好友名稱 一起來參加減碳大挑戰」
就有機會獲得10張5元騎行卷唷！共10名。
　
#oBikeTW #共享單車
#騎單車靠邊編 #77oBike","2017-07-24T06:56:37+0000","photo","https://www.facebook.com/oBikeTW/photos/a.1425276647545563.1073741828.1382921215114440/1566946256711934/?type=3","1382921215114440_1566951893378037",NA,608,105,4
"119","1382921215114440","oBike Taiwan","禮拜一就是要騎oBike出去玩耍啊！
這次邊編外出取材來到了宜蘭！
天氣超棒的啦！呀呼～
　
#oBikeTW #共享單車
#騎單車靠邊編 #77oBike","2017-07-24T04:07:53+0000","photo","https://www.facebook.com/oBikeTW/photos/a.1425276647545563.1073741828.1382921215114440/1566823716724188/?type=3","1382921215114440_1566823716724188",NA,83,22,1
"120","1382921215114440","oBike Taiwan","落日、河岸、閱讀
週末就是如此愜意度過
　
大家週末都在做什麼呢？
#oBikeTW #共享單車
#騎單車靠邊編 #77oBike","2017-07-22T07:30:00+0000","photo","https://www.facebook.com/oBikeTW/photos/a.1425276647545563.1073741828.1382921215114440/1563163977090162/?type=3","1382921215114440_1563163977090162",NA,74,17,3
"121","1382921215114440","oBike Taiwan","WOW~~~
oBIKE 荷蘭站的職業車手進行實測大挑戰！
大家一起來看看 Delta Cycling Rotterdam 做了哪些項目測試吧！
讓你想像不到的極限大爆發啊~~
　
#oBikeTW #共享單車
#騎單車靠邊編 #77oBike #實測","2017-07-22T03:19:39+0000","video","https://www.facebook.com/deltacycling010/videos/1533854540010166/","1382921215114440_1564344723638754","oBike Taiwan shared Delta Cycling Rotterdam's video.",953,95,0
"122","1382921215114440","oBike Taiwan","#週末免費來囉
從2017/07/22 00:00起至2017/07/23 23:59止
全時段免費啦！！！
這週末就是要讓你暢騎HIGH一夏！
　
#oBikeTW #共享單車
#騎單車靠邊編 #77oBike #FreeWeekend","2017-07-21T13:00:00+0000","photo","https://www.facebook.com/oBikeTW/photos/a.1425276647545563.1073741828.1382921215114440/1563125227094037/?type=3","1382921215114440_1563125227094037",NA,745,44,27
"123","1382921215114440","oBike Taiwan","#台北市 #大家要注意道路交通標誌唷
「並不是所有未劃自行車道的人行道，都不能騎乘自行車」
　
來看台北市長 柯文哲 怎麼說
只要人行道路幅2公尺以上，路口處有裝設「人車共道」的標示牌（如圖二左側），在這些人行道上，單車只要禮讓行人，依然可以通行。
　
#oBikeTW #共享單車
#騎單車靠邊編","2017-07-21T10:57:48+0000","photo","https://www.facebook.com/DoctorKoWJ/photos/a.415511451884174.1073741827.136845026417486/1075696402532339/?type=3","1382921215114440_1563495457057014","oBike Taiwan shared 柯文哲's post.",71,1,0
"124","1382921215114440","oBike Taiwan","今晚我們一起騎oBike去建成圓環走走好嗎～～
（謎之聲：你確定你不是要去寧夏夜市）
　
#oBikeTW #共享單車
#騎單車靠邊編 #77oBike","2017-07-21T03:30:00+0000","video","https://www.youtube.com/watch?v=RomV5pAdLBA&feature=youtu.be","1382921215114440_1563167090423184",NA,40,3,2
"125","1382921215114440","oBike Taiwan","#騎車聽的播放清單裡永遠都有NUMB
腦海中不斷的浮出嘶吼的旋律
記得那年第一次來台灣中山足球場的演唱會，我們大家一起唱到聲嘶力竭。
記得那年第一次看變形金剛響起那熱血的前奏，讓人無比興奮。
曾經整條商圈的店面都放著你們的歌，無人不曉。
謝謝你，陪我們度過那段搖滾的青春歲月。
#ChesterBennington
　
#oBikeTW #騎單車靠邊編 #Linkinpark","2017-07-21T03:04:29+0000","link","https://media.giphy.com/media/SxiqqYaMzdaPS/giphy.gif","1382921215114440_1563160143757212",NA,14,1,0
"126","1382921215114440","oBike Taiwan","#oBike好康報報 #好友相揪騎鐵馬
　
每成功邀請一位好友註冊oBike
你就可以獲得3張5元騎乘獎勵金！
趕快邀請你身邊的好朋友吧！
　
#oBikeTW #共享單車
#騎單車靠邊編 #77oBike","2017-07-20T02:40:37+0000","photo","https://www.facebook.com/oBikeTW/photos/a.1425276647545563.1073741828.1382921215114440/1561978767208683/?type=3","1382921215114440_1561978767208683",NA,963,87,16
"127","1382921215114440","oBike Taiwan","#TaiwanStreet 
最近很紅的 #台灣街景封面產生器 大家有去玩嗎XD
大家最喜歡的台灣街景長怎樣呢？
邊編超喜歡西門町電影主題公園的景色！
傳送門>> http://twstreet.spotlights.news
　
#oBikeTW #共享單車 #一起串聯台灣吧
#騎單車靠邊編 #77oBike #西門町","2017-07-19T08:40:33+0000","photo","https://www.facebook.com/oBikeTW/photos/a.1425276647545563.1073741828.1382921215114440/1561001897306370/?type=3","1382921215114440_1561001897306370",NA,6467,264,80
"128","1382921215114440","oBike Taiwan","喔天阿！
今天的天氣實在太熱了！
好險剛剛騎oBike去買了冰豆花吃！
　
這麼炎熱的夏天，大家有什麼消暑法寶嗎XD
#oBikeTW #共享單車
#騎單車靠邊編 #77oBike #夏天","2017-07-19T06:32:55+0000","link","https://media.giphy.com/media/5xtDarIN81U0KvlnzKo/giphy.gif","1382921215114440_1560902383982988",NA,37,12,0
"129","1382921215114440","oBike Taiwan","#oBike限時免費來囉 #oBike免費日
只有今天
免費時段
2017/07/19 08:00 ~ 10:00
2017/07/19 12:00 ~ 14:00
2017/07/19 17:00 ~ 20:00
一起做個快樂的單車通勤族吧！
　
#oBikeTW #共享單車
#騎單車靠邊編 #77oBike","2017-07-19T00:00:00+0000","photo","https://www.facebook.com/oBikeTW/photos/a.1425276647545563.1073741828.1382921215114440/1559929280746965/?type=3","1382921215114440_1559929280746965",NA,88,31,8
"130","1382921215114440","oBike Taiwan","台北市單車族要注意囉！
自2017/07/17起，針對設有自行車專用道的路段，只要自行車騎士騎在騎樓或人行道，都將加強取締，這些「騎樓、人行道」可都是禁行單車唷！
　
#oBikeTW #共享單車 #台北市
#騎單車靠邊編 #77oBike","2017-07-18T05:07:48+0000","video","https://www.youtube.com/watch?v=tS39bXwBxIU","1382921215114440_1559577050782188",NA,64,12,6
"131","1382921215114440","oBike Taiwan","oBike與喵咪～～～
不知道大家在騎車的時候，有沒有遇到浪浪的經驗呢？
　
#oBikeTW #共享單車 #77oBike
#騎單車靠邊編 #相遇浪浪","2017-07-18T03:25:44+0000","photo","https://www.facebook.com/oBikeTW/photos/a.1425276647545563.1073741828.1382921215114440/1559499150789978/?type=3","1382921215114440_1559499150789978",NA,58,6,1
"132","1382921215114440","oBike Taiwan","#上班玩耍還有5萬月薪領 #oBike就是敢 #77oBike
付你薪水吃喝玩樂，有這麼爽的工作你敢信？
即刻輸入優惠碼【oBikeBFF】，領取20張5元騎行券！
開始你的達人挑戰吧！
　
沒錯！oBike 就是敢！我們誠徵「旅遊達人」，工作就是吃 、喝、玩、樂、寫遊記 ，更付你月薪五萬元的薪資。
　
除了環島旅遊，還有機會至新加坡、德國等探索異國城市～
即日起至2017/8/31止在Facebook、Youtube上傳騎乘oBike的旅遊部落格或影片貼文，加上指定文案，即可參加徵選唷！
　
活動詳情>>https://goo.gl/6HdAkX
　
#oBikeTW #共享單車 #oBike旅遊達人
#騎單車靠邊編","2017-07-17T09:00:07+0000","photo","https://www.facebook.com/oBikeTW/photos/a.1425276647545563.1073741828.1382921215114440/1546658898740670/?type=3","1382921215114440_1546658898740670",NA,1810,231,87
"133","1382921215114440","oBike Taiwan","#oBike好康報
會員卡好評熱賣中！
最低3折起，即刻加入oBike騎士團！#77oBike
　
活動專頁 >> https://www.o.bike/vip.html
　
#oBikeTW #共享單車
#騎單車靠邊編 #VIP #會員卡","2017-07-17T02:41:24+0000","photo","https://www.facebook.com/oBikeTW/photos/a.1425276647545563.1073741828.1382921215114440/1558348527571707/?type=3","1382921215114440_1558348527571707",NA,51,20,1
"134","1382921215114440","oBike Taiwan","#77oBike
台灣車神 - 廖武雄 oBike 實測大挑戰
oBike騎乘無極限！
　
#oBikeTW #共享單車
#騎單車靠邊編 #台灣車神 #廖武雄 #台灣之光","2017-07-16T04:21:36+0000","video","https://www.facebook.com/oBikeTW/videos/1557197314353495/","1382921215114440_1557197314353495",NA,944,316,67
"135","1382921215114440","oBike Taiwan","#下班
如此忙碌的一個禮拜，終於要結束了！
等等就騎oBike回家吧！
　
#oBikeTW #共享單車
#騎單車靠邊編 #邊編的這一週大概也都這麼過的","2017-07-14T09:30:00+0000","link","https://media.giphy.com/media/OOZLyBA9Euq2I/giphy.gif","1382921215114440_1554972357909324",NA,46,25,0
"136","1382921215114440","oBike Taiwan","WOW！oBiker語錄大募集得獎名單出爐囉！
請得獎的粉絲們在2017/07/14 18:00前
私訊邊編來領獎唷！記得來領獎唷！
恭喜這20位粉絲獲得《5張5元騎行券》
　
#oBikeTW #共享單車
#騎單車靠邊編 #77oBike","2017-07-13T02:49:11+0000","photo","https://www.facebook.com/oBikeTW/photos/a.1425276647545563.1073741828.1382921215114440/1553542908052269/?type=3","1382921215114440_1553542908052269",NA,39,30,0
"137","1382921215114440","oBike Taiwan","#77oBike
一個禮拜才剛過一半
邊編就想放假了！
不知道哪一個海邊的自行車道最美，有小騎士要推薦邊編一下嗎XD
　
#oBikeTW #共享單車
#騎單車靠邊編","2017-07-12T04:39:20+0000","photo","https://www.facebook.com/oBikeTW/photos/a.1425276647545563.1073741828.1382921215114440/1552475924825634/?type=3","1382921215114440_1552475924825634",NA,109,55,1
"138","1382921215114440","oBike Taiwan","#77oBike
你多久沒騎車了呢？
跟著邊編一起出門走走吧！買杯飲料回公司～ <3
　
#oBikeTW #共享單車
#騎單車靠邊編","2017-07-11T05:45:13+0000","photo","https://www.facebook.com/oBikeTW/photos/a.1425276647545563.1073741828.1382921215114440/1551377651602128/?type=3","1382921215114440_1551377651602128",NA,142,52,4
"139","1382921215114440","oBike Taiwan","在繁忙的車陣當中，免受塞車之苦。
一起 #77oBike ，感受暢行無阻的便利！GO！
　
#oBikeTW #共享單車
#騎單車靠邊編","2017-07-10T08:19:47+0000","link","https://media.giphy.com/media/l396IUZ9s7kAcxxrW/giphy.gif","1382921215114440_1550347721705121",NA,84,69,4
"140","1382921215114440","oBike Taiwan","週末出行！！GO GO oBike！
美好的假日來啦～～～～
今天各位小騎士們想去哪裡玩呀？
　
#oBikeTW #共享單車
#騎單車靠邊編 #77oBike #MyCityMyWay","2017-07-08T01:00:00+0000","photo","https://www.facebook.com/oBikeTW/photos/a.1425276647545563.1073741828.1382921215114440/1546896515383575/?type=3","1382921215114440_1546896515383575",NA,105,96,2
"141","1382921215114440","oBike Taiwan","#oBike好康報
會員卡好評熱賣中！
最低3折起，即刻加入oBike騎士團！#77oBike
　
活動專頁 >> https://www.o.bike/vip.html
　
#oBikeTW #共享單車
#騎單車靠邊編 #VIP #會員卡","2017-07-07T06:15:40+0000","photo","https://www.facebook.com/oBikeTW/photos/a.1425276647545563.1073741828.1382921215114440/1546764555396771/?type=3","1382921215114440_1546764555396771",NA,66,82,2
"142","1382921215114440","oBike Taiwan","#騎車路上小心
下班下班！
今天不加班！快騎oBike回家！
　
#oBikeTW #共享單車
#騎單車靠邊編 #77oBike","2017-07-06T10:30:27+0000","link","https://media.giphy.com/media/5ydZSTp0dLXZS/giphy.gif","1382921215114440_1545763495496877",NA,47,56,0
"143","1382921215114440","oBike Taiwan","#oBike好康報
會員卡大升級！
最低3折起，加入oBike騎士團！#77oBike
　
活動專頁 >> https://www.o.bike/vip.html
　
1日卡　售價15元（平均每次騎乘1.5元）
10次券，限24小時內使用完畢。
　
3日卡　售價30元（平均每次騎乘1元）
30次券，限72小時內使用完畢。
　
雙週卡　售價99元（平均每次騎乘0.7元）
140次券，限期2週內使用完成（此方案可訂閱自動續費）
　
月卡　售價179元（平均每次騎乘0.6元）
300次券，限期1個月內使用完成（此方案可訂閱自動續費）
　
#oBikeTW #共享單車
#騎單車靠邊編 #VIP #會員卡","2017-07-06T03:31:15+0000","photo","https://www.facebook.com/oBikeTW/photos/a.1425276647545563.1073741828.1382921215114440/1544500698956490/?type=3","1382921215114440_1544500698956490",NA,957,151,27
"144","1382921215114440","oBike Taiwan","#oBiker語錄大募集
　
活動日期：即日起至2017/7/12止
　
活動辦法：
1. 在本篇貼文留言底下，發揮你的創意，改編【我是oBiker】語錄，「我剛剛使用 oBike 騎了 X 公里，消耗 Y 卡路里，___________________________________________。」
2. 按讚數最多的留言，你就有機會出現在【我是oBiker】的語錄上唷！
3. 參與留言的粉絲按讚數最多的20位粉絲，可獲得《5張5元騎行券》快來參加吧！
　
#oBikeTW #共享單車
#騎單車靠邊編 #77oBike","2017-07-05T08:04:23+0000","photo","https://www.facebook.com/oBikeTW/photos/a.1425276647545563.1073741828.1382921215114440/1544469882292905/?type=3","1382921215114440_1544469882292905",NA,281,618,5
"145","1382921215114440","oBike Taiwan","加入oBike騎士團！
一起節能減碳 #77oBike
　
#oBikeTW #共享單車
#騎單車靠邊編","2017-07-05T06:43:46+0000","photo","https://www.facebook.com/oBikeTW/photos/a.1392045794201982.1073741826.1382921215114440/1544421415631085/?type=3","1382921215114440_1544421895631037","oBike Taiwan updated their cover photo.",53,44,1
"146","1382921215114440","oBike Taiwan","這雨......
怎麼還不停阿.......
我想騎oBike回家RRRR～～～
　
#oBikeTW #共享單車
#騎單車靠邊編 #77oBike","2017-07-04T09:33:53+0000","link","https://media.giphy.com/media/E2d2tsgz7iHo4/giphy.gif","1382921215114440_1543153089091251",NA,19,39,2
"147","1382921215114440","oBike Taiwan","YA～～～～
APP STORE免費排行榜衝上第五名！！！
感謝各位的支持 <3
#腦闆等等午餐你請客 #就這麼說定了
#還要請飲料唷 
　
#oBikeTW #共享單車
#騎單車靠邊編 #77oBike","2017-07-04T03:45:20+0000","photo","https://www.facebook.com/oBikeTW/photos/a.1425276647545563.1073741828.1382921215114440/1542885682451325/?type=3","1382921215114440_1542885682451325",NA,72,57,0
"148","1382921215114440","oBike Taiwan","#oBike小教室
　
正確調整座墊高度其實很簡單
　
#oBikeTW #共享單車
#騎單車靠邊編 #77oBike","2017-07-04T02:48:13+0000","link","https://giphy.com/gifs/CkqsvbhbLWlSo","1382921215114440_1542843365788890",NA,100,42,1
"149","1382921215114440","oBike Taiwan","新竹市的朋友們
讓你們久等囉！
即日起至2017/07/23止
騎～～～乘～～～免～～～費～～～
　
#oBikeTW #共享單車
#77oBike #騎單車靠邊編","2017-07-03T06:33:19+0000","photo","https://www.facebook.com/oBikeTW/photos/a.1425276647545563.1073741828.1382921215114440/1541775622562331/?type=3","1382921215114440_1541775622562331",NA,104,50,27
"150","1382921215114440","oBike Taiwan","週一上班日鬱卒症候群
從現在就看著碧海藍天圖，時間就會很快過去了！
　
#從禮拜一就開始期待週末來臨
#oBikeTW #共享單車
#騎單車靠邊編 #77oBike","2017-07-03T03:54:08+0000","photo","https://www.facebook.com/oBikeTW/photos/a.1425276647545563.1073741828.1382921215114440/1541662045907022/?type=3","1382921215114440_1541662045907022",NA,146,59,3
"151","1382921215114440","oBike Taiwan","#考生加油
檢查准考證，有帶！
檢查筆袋，有帶！
檢查最重要文昌帝君加持過的骰子，有帶！
檢查量角器，有帶！
檢查三角板，有帶！
出發！吃完早餐考試去！
　
#oBikeTW #共享單車
#騎單車靠邊編 #77oBike #大學指考","2017-06-30T22:00:00+0000","photo","https://www.facebook.com/oBikeTW/photos/a.1425276647545563.1073741828.1382921215114440/1538113932928500/?type=3","1382921215114440_1538113932928500",NA,66,34,0
"152","1382921215114440","oBike Taiwan","#倒數五天 #限時瘋搶 #保證漲價
把握最後黃金時刻
oBike會員卡優惠倒數
即日起至2017/07/05
錯過的優惠就像變了心的女友一樣
回不來惹～～～
　
#oBikeTW #共享單車
#騎單車靠邊編
#即使漲價還是比原價便宜","2017-06-30T16:00:00+0000","photo","https://www.facebook.com/oBikeTW/photos/a.1425276647545563.1073741828.1382921215114440/1538435499563010/?type=3","1382921215114440_1538435499563010","oBike Taiwan is feeling important.",48,122,2
"153","1382921215114440","oBike Taiwan","過了這三天
就可以________
　
#oBikeTW #共享單車
#騎單車靠邊編 #考生加油 #大學指考","2017-06-30T07:29:26+0000","link","https://media.giphy.com/media/wbQNGTFstNx84/giphy.gif","1382921215114440_1538134196259807",NA,27,15,4
"154","1382921215114440","oBike Taiwan","各位考生加油！
考試時一定要平心靜氣，謹慎落筆。
邊編預祝各位旗開得勝，金榜題名！
　
#oBikeTW #共享單車 #大學指考 #77oBike
#騎單車靠邊編  #金榜題名  #過來人","2017-06-30T05:22:24+0000","photo","https://www.facebook.com/oBikeTW/photos/a.1425276647545563.1073741828.1382921215114440/1537996959606864/?type=3","1382921215114440_1537996959606864",NA,1314,27,5
"155","1382921215114440","oBike Taiwan","都會叢林裡的小確幸
大家最喜歡的公園是哪個呢？
　
邊編最喜歡的還是大安森林公園的那份恬靜
不僅白天有樹蔭，晚上也特別涼爽
　
#oBikeTW #共享單車
#騎單車靠邊編 #77oBike","2017-06-30T03:01:37+0000","photo","https://www.facebook.com/oBikeTW/photos/a.1425276647545563.1073741828.1382921215114440/1537960952943798/?type=3","1382921215114440_1537960952943798",NA,41,24,0
"156","1382921215114440","oBike Taiwan","今天最值得慶祝的事莫過於這一刻了
大家都等了很久吧！
走！我們下班回家！！！
　
#oBikeTW #共享單車
#騎單車靠邊編 #77oBike #下班","2017-06-29T09:32:00+0000","photo","https://www.facebook.com/oBikeTW/photos/a.1425276647545563.1073741828.1382921215114440/1536915223048371/?type=3","1382921215114440_1536915223048371",NA,57,23,0
"157","1382921215114440","oBike Taiwan","#oBike小劇場
女孩：「走！我們一起騎oBike去唸書！」
　
此時你的回答是
A. 「好！我們先騎去餐廳吃個飯！」
B. 「不！我習慣一個人！」
C.   快步逃走，連再見都不說。
D. 「天涯海角我都隨你～」
E. 「我不用參加指考耶」
　
#oBikeTW #共享單車
#騎單車靠邊編","2017-06-29T03:04:30+0000","photo","https://www.facebook.com/oBikeTW/photos/a.1425276647545563.1073741828.1382921215114440/1536471616426065/?type=3","1382921215114440_1536471616426065",NA,36,17,1
"158","1382921215114440","oBike Taiwan","耶！！！！！
感謝各位oBike小騎士們的支持！
粉絲團突破一萬人了！謝謝大家～～～
邊編愛你們！！！ <3 <3 <3
　
那個！！！腦闆我要_____
#oBikeTW #共享單車
#騎單車靠邊編","2017-06-28T14:18:30+0000","photo","https://www.facebook.com/oBikeTW/photos/a.1425276647545563.1073741828.1382921215114440/1535416379864922/?type=3","1382921215114440_1535416379864922",NA,122,40,1
"159","1382921215114440","oBike Taiwan","#節能減碳　#77oBike
　
來騎車吧！
　
#oBikeTW #共享單車
#騎單車靠邊編","2017-06-28T09:08:12+0000","photo","https://www.facebook.com/FanFan.official/photos/a.248964888762.137722.247607958762/10154804870738763/?type=3","1382921215114440_1535343739872186","oBike Taiwan shared 范范 范瑋琪's photo.",43,13,0
"160","1382921215114440","oBike Taiwan","#oBike好康報
會員日卡正式上線囉！
最低2折起，即刻加入oBike騎士團吧！
　
活動專頁 >> https://goo.gl/HMGsRZ
　
1日卡　售價９元（平均每次騎乘0.9元）
10次券，限24小時內使用完畢。
　
3日卡　售價1９元（平均每次騎乘0.63元）
30次券，限72小時內使用完畢。
　
7日卡　售價29元（平均每次騎乘0.41元）
70次券，限168小時內使用完畢。
　
#oBikeTW #共享單車
#騎單車靠邊編 #VIP #會員卡","2017-06-28T08:25:28+0000","photo","https://www.facebook.com/oBikeTW/photos/a.1425276647545563.1073741828.1382921215114440/1535291353210758/?type=3","1382921215114440_1535291353210758",NA,255,82,22
"161","1382921215114440","oBike Taiwan","剛老闆宣布了一件事，然後我就變成這樣了
我相信各位oBike騎士們聽到了也會這樣
這幾天請密切關注粉絲團唷！
驚喜等著你，呵呵！
　
#oBikeTW #共享單車
#騎單車靠邊編 #驚喜 #77oBike","2017-06-28T04:02:35+0000","link","https://media.giphy.com/media/12UlfHpF05ielO/giphy.gif","1382921215114440_1535105733229320",NA,59,22,0
"162","1382921215114440","oBike Taiwan","#77oBike
目前台灣騎士的總騎乘距離
已經可以來回地球跟月球一趟啦～～
　
大家太厲害了！
讓我們一起節能減碳愛地球吧！
　
#oBikeTW #共享單車
#騎單車靠邊編 #oBike騎士團","2017-06-28T03:27:13+0000","photo","https://www.facebook.com/oBikeTW/photos/a.1425276647545563.1073741828.1382921215114440/1534055516667675/?type=3","1382921215114440_1534055516667675",NA,48,10,0
"163","1382921215114440","oBike Taiwan","#好熱
我們現在一起騎oBike出去買冰淇淋好不好！！！！！
　
#oBikeTW #共享單車
#騎單車靠邊編","2017-06-27T06:32:49+0000","link","https://media.giphy.com/media/AGGz7y0rCYxdS/giphy.gif","1382921215114440_1533947163345177",NA,23,13,1
"164","1382921215114440","oBike Taiwan","中華醫大，我們來啦！！！！！！
　
即日起至7月16日提供師生免費體驗
一起校園逍遙遊吧！
　
#oBikeTW #共享單車
#騎單車靠邊編","2017-06-27T03:24:20+0000","photo","https://www.facebook.com/oBikeTW/photos/a.1425276647545563.1073741828.1382921215114440/1533804796692747/?type=3","1382921215114440_1533804796692747",NA,73,21,2
"165","1382921215114440","oBike Taiwan","為什麼邊編都試不出來！！！（T___T）
各位騎士們你們可以施放魔法嗎～～～～
輸入以下關鍵字
Harry Potter
Gryffindor
Slytherin 
Ravenclaw 
Hufflepuff
　
#oBikeTW #共享單車
#騎單車靠邊編 #麻瓜編施不了法","2017-06-26T07:02:24+0000","link","http://www.appledaily.com.tw/realtimenews/article/life/20170626/1148183/","1382921215114440_1532699350136625","oBike Taiwan is feeling hurt.",40,96,3
"166","1382921215114440","oBike Taiwan","你今天騎車了嗎？
大家猜一下哪個城市的人騎乘最多公里數呢？
　
#oBikeTW #共享單車
#騎單車靠邊編","2017-06-26T04:36:37+0000","photo","https://www.facebook.com/oBikeTW/photos/a.1425276647545563.1073741828.1382921215114440/1532580553481838/?type=3","1382921215114440_1532580553481838",NA,96,52,1
"167","1382921215114440","oBike Taiwan","#FreeWeekend
全台狂歡迎暑假！免費騎行倒數中！
把握最後8小時，前15分鐘騎乘免費！
　
#oBikeTW #共享單車
#騎單車靠邊編","2017-06-25T07:00:00+0000","photo","https://www.facebook.com/oBikeTW/photos/a.1425276647545563.1073741828.1382921215114440/1529411457132081/?type=3","1382921215114440_1529411457132081",NA,47,21,3
"168","1382921215114440","oBike Taiwan","萬里晴空
擇日不如撞日，走！今天騎車出遊！
　
#oBikeTW #共享單車
#騎單車靠邊編
#好喜歡藍天","2017-06-25T02:00:00+0000","photo","https://www.facebook.com/oBikeTW/photos/a.1425276647545563.1073741828.1382921215114440/1529487757124451/?type=3","1382921215114440_1529487757124451",NA,44,9,1
"169","1382921215114440","oBike Taiwan","剛騎完車回到家的邊編
外面怎麼可以這麼熱
　
#大家一起節能減碳愛地球 
#oBikeTW #共享單車
#騎單車靠邊編","2017-06-24T06:00:00+0000","link","https://media.giphy.com/media/t9a6LmM1rTe3S/giphy.gif","1382921215114440_1529414807131746",NA,41,11,1
"170","1382921215114440","oBike Taiwan","登楞！！！
免費週末騎行登場～
2017年暑假即將登場，oBike邀你狂歡一夏！
即刻起至2017/06/25 23:59止。
前15分鐘騎乘免費啦！！！！！！
　
#oBikeTW #共享單車 #FreeWeekend
#騎單車靠邊編","2017-06-23T16:00:00+0000","photo","https://www.facebook.com/oBikeTW/photos/a.1425276647545563.1073741828.1382921215114440/1528234067249820/?type=3","1382921215114440_1528234067249820",NA,147,41,18
"171","1382921215114440","oBike Taiwan","預備～～～～～～
騎車下班啦！！！！
週末我來啦～～～
　
#oBikeTW #共享單車
#騎單車靠邊編","2017-06-23T10:51:23+0000","link","https://media.giphy.com/media/3o7btQTZPS53TfQF6U/giphy.gif","1382921215114440_1529506943789199",NA,18,17,0
"172","1382921215114440","oBike Taiwan","#oBike小教室 #記錄每天的騎乘數據
你知道嗎？
騎乘oBike運動記錄軌跡超方便！你就不用額外添購設備！
可以輕鬆獲得每次騎乘的紀錄唷！
　
你今天消耗了多少卡路里呢？
　
#oBikeTW #共享單車
#騎單車靠邊編 #記得打開藍牙跟網路唷","2017-06-23T07:28:01+0000","photo","https://www.facebook.com/oBikeTW/photos/a.1425276647545563.1073741828.1382921215114440/1529381710468389/?type=3","1382921215114440_1529381710468389",NA,41,17,1
"173","1382921215114440","oBike Taiwan","oBike的小騎士們！
這個週末你們打算怎麼過呢？
是森林逍遙遊？
或是城市輕旅行？
還是來場不一樣的冒險之旅？
　
#oBikeTW #共享單車 #週末
#騎單車靠邊編","2017-06-23T04:30:00+0000","link","https://media.giphy.com/media/l1KVcdw6yo25vX5VC/giphy.gif","1382921215114440_1529247180481842",NA,18,10,2
"174","1382921215114440","oBike Taiwan","今天的天氣好到讓人心醉～
吹著海風，相揪來去高雄旗津騎鐵馬 <3
　
#oBikeTW #共享單車
#騎單車靠邊編 #高雄 #港都","2017-06-23T02:27:57+0000","photo","https://www.facebook.com/oBikeTW/photos/a.1425276647545563.1073741828.1382921215114440/1529197173820176/?type=3","1382921215114440_1529197173820176",NA,72,14,3
"175","1382921215114440","oBike Taiwan","大家不覺得今天的天氣很適合放假出遊嗎！！！！
邊編已經迫不及待，週末快來吧！
大家一起騎oBike出遊！
　
#oBikeTW #共享單車 #都蘭海岸線
#騎單車靠邊編","2017-06-22T04:21:46+0000","photo","https://www.facebook.com/oBikeTW/photos/a.1425276647545563.1073741828.1382921215114440/1528202077253019/?type=3","1382921215114440_1528202077253019",NA,62,25,2
"176","1382921215114440","oBike Taiwan","#oBike小教室 #要注意喔
信用積分可是會影響收費唷！
所以不可以違規，要做個有禮貌有公德心的騎士喔！
　
當用戶積分>=80
正常計費單價為原價格，NT$2/15分鐘。
　
當用戶積分79 ~ 60
正常計費單價為NT$10/15分鐘。
　
當用戶積分<60
正常計費單價為NT$20/15分鐘。
　
#oBikeTW #共享單車
#騎單車靠邊編","2017-06-22T02:36:22+0000","photo","https://www.facebook.com/oBikeTW/photos/a.1425276647545563.1073741828.1382921215114440/1528132530593307/?type=3","1382921215114440_1528132530593307",NA,73,26,9
"177","1382921215114440","oBike Taiwan","下班！！！
oBike騎行伴著日落，整個就是好心情～
　
大家回家路上要小心唷！
　
#oBikeTW #共享單車
#騎單車靠邊編 #下班","2017-06-21T09:30:00+0000","photo","https://www.facebook.com/oBikeTW/photos/a.1425276647545563.1073741828.1382921215114440/1527164150690145/?type=3","1382921215114440_1527164150690145",NA,32,19,3
"178","1382921215114440","oBike Taiwan","邊編提醒您！要記得吃午餐唷！
中午就騎著oBike去買飯吧～
　
#oBikeTW #共享單車
#騎單車靠邊編 #午休","2017-06-21T04:23:22+0000","link","https://media.giphy.com/media/l0O9yqyFbuxZoBifu/giphy.gif","1382921215114440_1527072950699265",NA,22,10,0
"179","1382921215114440","oBike Taiwan","在路邊發現一枚oBike可愛女騎士正在休息
此時你會...
　
A. 上前詢問如何使用oBike，然後...
B. 上前約騎oBike，接著...
C. 快步離開。
　
#oBikeTW #共享單車
#騎單車靠邊編 #電玩廣告圖梗
#邊編肯定會上前求關注粉絲團","2017-06-21T02:53:30+0000","photo","https://www.facebook.com/oBikeTW/photos/a.1425276647545563.1073741828.1382921215114440/1527002544039639/?type=3","1382921215114440_1527002544039639",NA,69,17,1
"180","1382921215114440","oBike Taiwan","高雄的車陸續都放中喲！
還請各位騎士們給我們的工作人員多一些耐心！
相信很快的大家就可以騎乘囉！
　
#oBikeTW #共享單車
#騎單車靠邊編 #高雄","2017-06-20T08:30:55+0000","photo","https://www.facebook.com/oBikeTW/photos/a.1425276647545563.1073741828.1382921215114440/1526012027472024/?type=3","1382921215114440_1526012027472024",NA,105,51,11
"181","1382921215114440","oBike Taiwan","難得今天微放晴，無雨天氣陰。
春風吹拂，最適合騎車車惹～～～
　
高雄的朋友別著急，我們的投放團隊正陸續投車中！
晚些大家就會看到車子了唷！
　
#oBikeTW #共享單車
#騎單車靠邊編","2017-06-20T02:57:48+0000","link","https://media.giphy.com/media/3o84Ufy4oR2l0nSdEs/giphy.gif","1382921215114440_1525743894165504",NA,60,14,5
"182","1382921215114440","oBike Taiwan","#oBike好康報
你知道今天星巴克買一送一嗎？邊編報給你知！
2017/06/19 15:00 ~ 20:00 全台免費騎。
快揪好友一起騎去買吧！卡緊去！
　
#oBikeTW #共享單車 
#Starbucks #星巴克 #買一送一
#騎單車靠邊編","2017-06-19T06:58:03+0000","photo","https://www.facebook.com/oBikeTW/photos/a.1425276647545563.1073741828.1382921215114440/1524710870935473/?type=3","1382921215114440_1524710870935473",NA,697,18,24
"183","1382921215114440","oBike Taiwan","高雄的朋友！！！我們來啦！！！！
阮相揪鬥陣騎鐵馬遊港都～～～ <3
　
免費時間：2017/06/20起至2017/07/09止
　
#oBikeTW #共享單車
#騎單車靠邊編","2017-06-19T05:38:59+0000","photo","https://www.facebook.com/oBikeTW/photos/a.1425276647545563.1073741828.1382921215114440/1524674297605797/?type=3","1382921215114440_1524674297605797",NA,159,42,62
"184","1382921215114440","oBike Taiwan","這雨.......何時才會停......
邊編真的好想好想騎車啊~~~~
　
話說禮拜一有個小祕密要告訴大家，請大家期待一下XD
　
#oBikeTW #共享單車 #梅雨季
#騎單車靠邊編","2017-06-18T03:30:00+0000","link","https://media.giphy.com/media/l0HlPtBCscbYiLfR6/giphy.gif","1382921215114440_1522743724465521",NA,16,6,0
"185","1382921215114440","oBike Taiwan","就在剛剛，粉絲團人數突破5,000啦！！！！！
感謝各位粉絲們的支持，邊編愛你們！
　
未來的日子，還請大家多多指教~~~~
　
#oBikeTW #共享單車
#騎單車靠邊編","2017-06-17T13:04:08+0000","photo","https://www.facebook.com/oBikeTW/photos/a.1425276647545563.1073741828.1382921215114440/1522744091132151/?type=3","1382921215114440_1522744091132151",NA,40,3,0
"186","1382921215114440","oBike Taiwan","#TGIF #禮拜五 #迎向美麗的週末
　
下班！！！
　
#oBikeTW #共享單車
#騎單車靠邊編","2017-06-16T09:30:00+0000","link","https://media.giphy.com/media/tFIK20oTlyLZu/giphy.gif","1382921215114440_1521240367949190",NA,10,0,0
"187","1382921215114440","oBike Taiwan","#溫馨提醒 #上鎖後請等等
　
各位騎士請注意唷！手動上鎖即完成騎行，但也別忘了開啟藍牙功能，並稍待車體數據回傳至您的APP才完成本次的騎行唷！
「別忘了要開藍牙」
「別忘了要開藍牙」
「別忘了要開藍牙」
　
#oBikeTW #共享單車
#騎單車靠邊編","2017-06-16T05:03:13+0000","photo","https://www.facebook.com/oBikeTW/photos/a.1425276647545563.1073741828.1382921215114440/1521215661284994/?type=3","1382921215114440_1521215661284994",NA,51,14,1
"188","1382921215114440","oBike Taiwan","老闆，我今天外出取材！
因為一蘭拉麵昨天開幕了，oBike的粉絲說他們想看心得文。
所以我就騎車出去了喔！！！！！！！
　
#oBikeTW #共享單車 #粉絲說的邊編都要做
#其實是你自己想吃吧 #謎之聲
#騎單車靠邊編 #排隊美食","2017-06-16T02:50:44+0000","photo","https://www.facebook.com/oBikeTW/photos/a.1425276647545563.1073741828.1382921215114440/1521103931296167/?type=3","1382921215114440_1521103931296167",NA,19,0,0
"189","1382921215114440","oBike Taiwan","邊編要來推薦去哪騎自行車啦
首推單車路線就是新竹的十七公里海岸線啦～～

除了欣賞海景和紅樹林生態
還有拍起美美噠的許願鐘樓和彩虹大橋唷！！

＃相約彩虹橋 ＃下雨天了怎麼辦好想騎車車
#oBikeTW #共享單車
#騎單車靠邊編 #MyCityMyWay","2017-06-15T07:30:27+0000","photo","https://www.facebook.com/oBikeTW/photos/a.1425276647545563.1073741828.1382921215114440/1519980604741833/?type=3","1382921215114440_1519980604741833",NA,66,15,2
"190","1382921215114440","oBike Taiwan","今天一早趁著暫時沒有雨的時刻
一路暢通騎到公司
就在進公司前
　
　
　
　
　
我被公車碾過的積水噴的一身........
　
#圖文不符 #總不能放我的濕身照吧
#oBikeTW #共享單車
#騎單車靠邊編 #梅雨季不管怎樣都會濕
#MyCityMyWay","2017-06-14T03:33:07+0000","photo","https://www.facebook.com/oBikeTW/photos/a.1425276647545563.1073741828.1382921215114440/1518497701556790/?type=3","1382921215114440_1518497701556790",NA,83,20,0
"191","1382921215114440","oBike Taiwan","第二波梅雨鋒面來了！
大家要嚴防豪大雨，外出騎車請小心！
　
#oBikeTW #共享單車 #梅雨季 #發霉
#騎單車靠邊編","2017-06-13T06:21:49+0000","link","https://udn.com/news/story/7266/2519341","1382921215114440_1517442054995688",NA,12,2,0
"192","1382921215114440","oBike Taiwan","騎車不喝酒
喝酒不騎車
　
有件事邊編一定要告訴你
「自行車酒駕會罰600RRRRRRRR」
且害人又害己
　
#oBikeTW #共享單車 #酒後不騎車 #酒駕
#騎單車靠邊編","2017-06-13T02:29:21+0000","link","https://media.giphy.com/media/8nbZYKDo7QLE4/giphy.gif","1382921215114440_1517278041678756",NA,11,0,1
"193","1382921215114440","oBike Taiwan","別oBike、UBike傻傻分不清唷！
這裡只能停放UBike的車車～～～～
　
#做個有禮貌有公德心的騎士 #要停在合法的公共停車格唷
#oBikeTW #共享單車
#騎單車靠邊編","2017-06-12T05:54:25+0000","photo","https://www.facebook.com/oBikeTW/photos/a.1425276647545563.1073741828.1382921215114440/1516270515112842/?type=3","1382921215114440_1516270515112842",NA,110,21,1
"194","1382921215114440","oBike Taiwan","#oBike溫馨小提醒
　
違規停車可是會扣oBike信用積分20分的唷！
oBike停放在私人住宅、地下室、社區庭院、其他非路邊白線或者非公共合法停車格，都是不可以的唷！
oBike停放在私人住宅、地下室、社區庭院、其他非路邊白線或者非公共合法停車格，都是不可以的唷！
oBike停放在私人住宅、地下室、社區庭院、其他非路邊白線或者非公共合法停車格，都是不可以的唷！　
　
#太重要說三次 #邊編的話要聽唷
#oBikeTW #共享單車
#騎單車靠邊編","2017-06-12T02:52:32+0000","photo","https://www.facebook.com/oBikeTW/photos/a.1425276647545563.1073741828.1382921215114440/1516124005127493/?type=3","1382921215114440_1516124005127493",NA,64,25,3
"195","1382921215114440","oBike Taiwan","最近收到很多騎士粉跟邊編分享的騎車狀況
　
#希望路可以再平整一些 #路平
#oBikeTW #共享單車
#騎單車靠邊編","2017-06-09T09:40:40+0000","link","https://media.giphy.com/media/3o7bubLLCGyMS2kRXy/giphy.gif","1382921215114440_1512613765478517",NA,11,12,0
"196","1382921215114440","oBike Taiwan","#免費倒數
　
雙北地區免費騎乘體驗倒數兩天，只到6/10為止唷！
超多人都在騎oBike了！你還在等什麼！
快點加入oBike騎行者行列吧！
　
#oBikeTW #共享單車
#騎單車靠邊編","2017-06-09T04:50:24+0000","photo","https://www.facebook.com/oBikeTW/photos/a.1425276647545563.1073741828.1382921215114440/1512720242134536/?type=3","1382921215114440_1512720242134536",NA,75,36,4
"197","1382921215114440","oBike Taiwan","#oBike小教室
　
無論是借車解鎖或者是還車上鎖
大家都要記得開啟手機上的藍牙功能唷
　
#oBikeTW #共享單車
#騎單車靠邊編","2017-06-09T02:26:37+0000","photo","https://www.facebook.com/oBikeTW/photos/a.1425276647545563.1073741828.1382921215114440/1512582638814963/?type=3","1382921215114440_1512582638814963",NA,50,4,2
"198","1382921215114440","oBike Taiwan","#第一次學會腳踏車
大家還記得第一次學會腳踏車的時期嗎？
邊編大概在國小一年級的時候學會的。
你們呢？
　
#oBikeTW #共享單車
#騎單車靠邊編","2017-06-08T04:59:02+0000","link","https://media.giphy.com/media/UsOoz5EYqRxXW/giphy.gif","1382921215114440_1511460808927146",NA,16,4,0
"199","1382921215114440","oBike Taiwan","#oBike小教室
你知道嗎～～～
截至目前為止，各位oBike騎士的總減碳量
大約是大安森林公園每一季CO2的吸收量喔！
　
#oBikeTW #共享單車
#騎單車靠邊編 #節能減碳","2017-06-08T03:22:35+0000","photo","https://www.facebook.com/oBikeTW/photos/a.1425276647545563.1073741828.1382921215114440/1511389138934313/?type=3","1382921215114440_1511389138934313",NA,27,2,1
"200","1382921215114440","oBike Taiwan","#車就是要停在合法的公共停車格
　
若車沒停在正確的位置，經用戶舉報後，將會扣信用積分20分唷！
　
#oBikeTW #共享單車
#騎單車靠邊編","2017-06-07T05:00:00+0000","link","https://media.giphy.com/media/d1vaWA1lsbIdy/giphy.gif","1382921215114440_1509902275749666",NA,35,12,0
"201","1382921215114440","oBike Taiwan","連下好幾天的雨，今天終於陽光探頭。
邊編就跟著同事騎車上班惹～
一早騎車悠遊在自行車道上真的好舒服
　
#oBikeTW #共享單車
#騎單車靠邊編","2017-06-07T02:23:52+0000","photo","https://www.facebook.com/oBikeTW/photos/a.1425276647545563.1073741828.1382921215114440/1509888169084410/?type=3","1382921215114440_1509888169084410",NA,33,7,0
"202","1382921215114440","oBike Taiwan","#oBike好康報報 #好友相揪騎鐵馬
　
即日起，每成功邀請一位好友註冊oBike
您就可以獲得3張5元騎乘獎勵金！
　
#oBikeTW #共享單車
#騎單車靠邊編","2017-06-06T05:43:11+0000","photo","https://www.facebook.com/oBikeTW/photos/a.1425276647545563.1073741828.1382921215114440/1507696572636903/?type=3","1382921215114440_1507696572636903",NA,71,55,16
"203","1382921215114440","oBike Taiwan","#台灣騎士好狂
　
從APP開放至今，台灣的騎士騎乘oBike自行車的總距離，已經可以繞行地球17圈了！太狂啦～～～～
　
#oBikeTW #共享單車 
#騎單車靠邊編
#原來赤道有40075公里啊","2017-06-05T01:41:29+0000","photo","https://www.facebook.com/oBikeTW/photos/a.1425276647545563.1073741828.1382921215114440/1507094372697123/?type=3","1382921215114440_1507094372697123",NA,57,17,3
"204","1382921215114440","oBike Taiwan","塊陶～～
這次的梅雨鋒面感覺好可怕！大家一定要格外小心喲！
#oBikeTW #共享單車 #MyCityMyWay #騎單車靠邊編 #bike #bikelife","2017-06-02T04:08:14+0000","photo","https://www.facebook.com/oBikeTW/photos/a.1425276647545563.1073741828.1382921215114440/1503477773058783/?type=3","1382921215114440_1503477773058783",NA,27,10,1
"205","1382921215114440","oBike Taiwan","#鋒面來襲 #我好想騎車車
　
我好想騎車！可是下大雨T_T
氣象局說這幾天鋒面來襲，各地請嚴防豪大雨跟強風
關於梅雨鋒面與西南氣流
大家可點擊播放氣象局的解說→https://goo.gl/763uCp
　
#oBikeTW #共享單車 #天雨路滑小心駕駛
#騎單車靠邊編 #MyCityMyWay","2017-06-02T03:03:33+0000","photo","https://www.facebook.com/oBikeTW/photos/a.1425276647545563.1073741828.1382921215114440/1503416446398249/?type=3","1382921215114440_1503416446398249","oBike Taiwan is feeling blue.",30,5,0
"206","1382921215114440","oBike Taiwan","#oBike小教室 #要做個有公德心的好騎士
　
oBike是有信用積分的規則的系統唷！
每位用戶於初始時默認擁有 100 分信用分。信用分最高不設上限，最低分為0分。分數越高，您的用車記錄越符合用車規則。
　
通過信用分鼓勵大家可以更容易了解並使用自行車。
　
當負面記錄過多，可能會影響您的騎乘權益唷。
　
#oBikeTW #共享單車 #溫馨提醒
#騎單車靠邊編","2017-06-01T02:29:35+0000","link","https://www.o.bike/tw/","1382921215114440_1501268993279661",NA,54,10,5
"207","1382921215114440","oBike Taiwan","#尋車啟事
　
你有看過這輛車嗎？
　
#oBikeTW #共享單車 
#騎單車靠邊編","2017-05-31T04:27:42+0000","photo","https://www.facebook.com/oBikeTW/photos/a.1425276647545563.1073741828.1382921215114440/1501052229968004/?type=3","1382921215114440_1501052229968004",NA,187,51,13
"208","1382921215114440","oBike Taiwan","#車子要停好啊 #溫馨提醒
　
騎乘結束之後，一定要把車輛停放在合法的公共停車格上唷！
　
#oBikeTW #共享單車
#騎單車靠邊編","2017-05-30T07:30:43+0000","video","https://www.facebook.com/52news/videos/787621831403744/","1382921215114440_1500055023401058","oBike Taiwan shared 中天新聞52家族's video.",41,16,0
"209","1382921215114440","oBike Taiwan","#基隆 #免費騎乘
　
即日起至6/10止，基隆讓你免費騎乘玩透透唷！
　
#MyCityMyWay
我的城市　無所不行
　
#oBikeTW #共享單車
#騎單車靠邊編","2017-05-27T12:06:05+0000","photo","https://www.facebook.com/oBikeTW/photos/a.1425276647545563.1073741828.1382921215114440/1495667010506526/?type=3","1382921215114440_1495667010506526",NA,52,11,9
"210","1382921215114440","oBike Taiwan","#台北 #雙城騎行
　
大台北的朋友們，讓你們久等了！
oBike來了！
即日起至6/10止，台北雙城讓你鐵馬免費騎行！
　
#MyCityMyWay
我的城市　無所不行
　
#oBikeTW #共享單車
#騎單車靠邊編","2017-05-27T08:46:22+0000","photo","https://www.facebook.com/oBikeTW/photos/a.1425276647545563.1073741828.1382921215114440/1495251917214702/?type=3","1382921215114440_1495251917214702",NA,102,22,28
"211","1382921215114440","oBike Taiwan","耶！！！
連假開始！
今天打開oBike App時，大家是不是也看到很多龍舟呢～～～
oBike全體員工祝各位端午佳節愉快！
#粽子不要吃太多唷 #邊編好想念南部粽
#oBikeTW #共享單車
#騎單車靠邊編","2017-05-27T04:12:04+0000","photo","https://www.facebook.com/oBikeTW/photos/a.1425276647545563.1073741828.1382921215114440/1496411553765405/?type=3","1382921215114440_1496411553765405",NA,68,12,4
"212","1382921215114440","oBike Taiwan","#免費騎行
　
台南的朋友們，即日起至6/8期間，免費騎乘唷！
連假鬥陣騎車遊台南吧！
　
#oBikeTW #共享單車 #府城騎行
#騎單車靠邊編 #MyCityMyWay","2017-05-26T11:52:28+0000","photo","https://www.facebook.com/oBikeTW/photos/a.1425276647545563.1073741828.1382921215114440/1495600700513157/?type=3","1382921215114440_1495600700513157",NA,70,15,21
"213","1382921215114440","oBike Taiwan","#台南
　
邊編中午一直心心念念台南的碗粿～～～
台南的oBike車友們，阮中午相揪鬥陣來呷碗粿！
　
#oBikeTW #共享單車 #MyCityMyWay
#騎單車靠邊編
#台南推薦的碗粿是哪幾間啊","2017-05-26T04:12:15+0000","photo","https://www.facebook.com/oBikeTW/photos/a.1425276647545563.1073741828.1382921215114440/1495191070554120/?type=3","1382921215114440_1495191070554120",NA,22,0,1
"214","1382921215114440","oBike Taiwan","#你今天oBike了嗎
　
來自新加坡無樁式的OBIKE，與中華大學產學合作，24日畢業成果展進駐中華大學美麗校園，第一階段提供300部供學校師生使用。6月9日前免費體驗，之後每15分鐘2元，前5分鐘不收費。
　
#oBikeTW #共享單車
#騎單車靠邊編","2017-05-25T05:17:41+0000","link","https://money.udn.com/money/story/5720/2483180","1382921215114440_1494153173991243",NA,51,4,2
"215","1382921215114440","oBike Taiwan","#道歉文 #了不起負責
各位鄉親父老兄弟姊妹們，邊編謹代表車輛調度人員向大家致歉。
　
「抱歉！要讓大家多等一下了！」
　
#宜蘭
宜蘭目前因車輛調度問題，車輛投遞時間將延長執行時間，還請大家多多包涵，再給我們一點作業的時間。
　
#南投
明日南投地區的車輛投放將視宜蘭的作業時間順延。
　
#oBikeTW #共享單車
#騎單車靠邊編","2017-05-24T12:59:36+0000","photo","https://www.facebook.com/oBikeTW/photos/a.1425276647545563.1073741828.1382921215114440/1493311897408704/?type=3","1382921215114440_1493311897408704",NA,67,33,4
"216","1382921215114440","oBike Taiwan","#府城逍遙遊 #台南
　
從今天開始，跟著小編騎著oBike一邊探索府城的文化與美食吧！
　
#oBikeTW #共享單車 #美食 #古蹟
#邊編真的好愛台南美食RRR
#騎單車靠邊編","2017-05-24T02:58:55+0000","photo","https://www.facebook.com/oBikeTW/photos/a.1425276647545563.1073741828.1382921215114440/1492585014148059/?type=3","1382921215114440_1492585014148059",NA,38,4,6
"217","1382921215114440","oBike Taiwan","#南投 #一同騎車去郊遊
　
秀麗山水　任我騎行
5月25日　一起來騎車吧
　
#oBikeTW #共享單車
#騎單車靠邊編","2017-05-22T06:56:25+0000","photo","https://www.facebook.com/oBikeTW/photos/a.1425276647545563.1073741828.1382921215114440/1490715184335042/?type=3","1382921215114440_1490715184335042",NA,51,7,10
"218","1382921215114440","oBike Taiwan","#即刻免費 #中華大學
　
同學們，照過來！
即日起至2017/06/09 23:59止
騎乘免費，讓你輕鬆暢遊校園。
　
#oBikeTW #共享單車
#騎單車靠邊編","2017-05-20T13:03:55+0000","photo","https://www.facebook.com/oBikeTW/photos/a.1425276647545563.1073741828.1382921215114440/1488872667852627/?type=3","1382921215114440_1488872667852627","oBike Taiwan is with 中華大學 Chung Hua University at 中華大學 Chung Hua University.",66,8,15
"219","1382921215114440","oBike Taiwan","#免費倒數 #公告
　
2017年5月21日00:00起，花蓮與台東將開始正式收費。
每 15分鐘 收費 2元 新台幣。
　
#oBikeTW #共享單車
#騎單車靠邊編","2017-05-19T07:10:56+0000","photo","https://www.facebook.com/oBikeTW/photos/a.1425276647545563.1073741828.1382921215114440/1487531434653417/?type=3","1382921215114440_1487531434653417",NA,41,9,7
"220","1382921215114440","oBike Taiwan","#宜蘭 #我們來了
　
5月24日　我們不見不散
　
#oBikeTW #共享單車
#騎單車靠邊編","2017-05-18T07:30:00+0000","photo","https://www.facebook.com/oBikeTW/photos/a.1425276647545563.1073741828.1382921215114440/1486350654771495/?type=3","1382921215114440_1486350654771495",NA,158,37,38
"221","1382921215114440","oBike Taiwan","#萬安演習 #溫馨提醒
北部地區(宜蘭縣、基隆市、臺北市、新北市、桃園市、新竹市、新竹縣政府) 5月18日（星期四）將於1330-1400時，進行萬安演習。
　
請各位騎士們不要再外面逗留，演習期間遵從管制人員的指示行動。
　
#oBikeTW #共享單車
#騎單車靠邊編","2017-05-18T03:40:49+0000","photo","https://www.facebook.com/oBikeTW/photos/a.1425276647545563.1073741828.1382921215114440/1486348588105035/?type=3","1382921215114440_1486348588105035",NA,13,0,0
"222","1382921215114440","oBike Taiwan","#雨過天晴
　
幾日的陰雨綿綿，終於放晴囉！
沐浴在陽光與雨水浸潤過後的芬芳。
一同享受單車騎乘的樂趣吧！
　
#oBikeTW #共享單車
#下過雨的路面感覺特別清新
#騎單車靠邊編","2017-05-17T06:05:48+0000","photo","https://www.facebook.com/oBikeTW/photos/a.1425276647545563.1073741828.1382921215114440/1485480904858470/?type=3","1382921215114440_1485480904858470",NA,19,2,0
"223","1382921215114440","oBike Taiwan","#oBike騎士出任務
騎oBike送專屬騎士好禮，快來加入低碳綠生活吧！
　
＊活動時間：即日起 ～ 2017/05/19 23:59止
　
＊活動贈品：統一超商7-11全台通用100元禮券
　
＊參加方式：
1.活動期間騎乘oBike三次，即可憑【騎乘紀錄】的手機截圖參與活動。
2.在oBike Taiwan粉絲團按讚，並在此篇貼文下留你的騎乘紀錄截圖即算參加活動。
3.將在2017/05/24抽出100位騎士，即可獲得【7-11統一超商100元禮券】一張。
　
#oBikeTW #共享單車 #騎單車靠邊編","2017-05-16T09:30:00+0000","photo","https://www.facebook.com/oBikeTW/photos/a.1425276647545563.1073741828.1382921215114440/1484254984981062/?type=3","1382921215114440_1484254984981062",NA,21,0,1
"224","1382921215114440","oBike Taiwan","看完了里程數 
邊編這時候就要來換算愛地球的騎士們
為綠生活帶來多少貢獻囉
　
將將將～總共降低了117,319公斤的碳排放量呢
　
現在台東的騎士們略勝一籌
花蓮的騎士們我們再加把勁一起努力成為頂尖減碳高手吧！
　
#oBikeTW #共享單車 
#我騎故我在 #我們都是減碳高手 #到巷口買菜也能騎
#騎單車靠邊編","2017-05-16T06:21:29+0000","photo","https://www.facebook.com/oBikeTW/photos/a.1425276647545563.1073741828.1382921215114440/1484221184984442/?type=3","1382921215114440_1484221184984442",NA,18,0,1
"225","1382921215114440","oBike Taiwan","大家是不是很好奇各位騎士們的總里程呢？
　
邊編要來公布囉！
　
襪～～根據上週統計就已經累積了437,950KM
邊編要在這裡向各位騎士們獻上崇高的敬意
　
不管你是到太平洋沿岸感受蔚藍風光或是暢遊花東縱谷
在使用oBike的同時也在保護東部的環境
讓國內外遊客票選第一名的旅遊城市能夠讓更多人看見呢！
　
#oBikeTW #共享單車
#我騎故我在 #愛地球就是要騎oBike ＃花蓮加加油 ＃我愛花東
#騎單車靠邊編","2017-05-16T04:19:52+0000","photo","https://www.facebook.com/oBikeTW/photos/a.1425276647545563.1073741828.1382921215114440/1484177384988822/?type=3","1382921215114440_1484177384988822","oBike Taiwan is feeling great.",30,4,5
"226","1382921215114440","oBike Taiwan","邊編剛剛出門，忽然春雷一響，大雨滂沱。
重點不是騎車濺起的水花
而是濺在我身上的水量
彷彿淋浴般的舒爽暢快
　
#oBikeTW #共享單車 #濕身秀 #台北 #午後雷陣雨
#騎單車靠邊編","2017-05-15T07:30:27+0000","photo","https://www.facebook.com/oBikeTW/photos/a.1425276647545563.1073741828.1382921215114440/1483148118425082/?type=3","1382921215114440_1483148118425082",NA,14,0,0
"227","1382921215114440","oBike Taiwan","用oBike樂騎花東！
方便好玩的oBike進駐花東
在花東各個鄉鎮都能看到黃色oBike的身影唷
　
感謝 瑞穗民宿資訊網-homestay好宿團 小編製作的精美教學影片。
　
#oBikeTW #共享單車 #花東好好玩
#騎單車靠邊編","2017-05-14T06:30:00+0000","video","https://www.facebook.com/daytodaytrip/videos/1704415546255204/","1382921215114440_1481462491926978","oBike Taiwan shared 花東弄旅．日常's video.",16,2,0
"228","1382921215114440","oBike Taiwan","#跟著明星騎車車
　
#obike 跟 #o脫bike 的差別在不用脫(咦？
　
竇哥，你的腳踏車不用賣啦！但多騎我們的車車就好XD
　
#oBikeTW #共享單車 #節能減碳
#騎單車靠邊編","2017-05-14T03:45:00+0000","photo","https://www.facebook.com/bobbydou/photos/a.362563280447504.71306.362531210450711/1315548891815600/?type=3","1382921215114440_1480226272050600","oBike Taiwan shared 竇智孔 Bobby Dou's photo.",18,0,0
"229","1382921215114440","oBike Taiwan","#母親節快樂
　
邊編也跟許多人一樣，都是異鄉工作者。
幾乎都是逢年過節才真的會有時間回到熟悉的家。
　
我們有多久沒有看見爸媽了？
　
其實，他們也是很想念我們，畢竟不管我們年紀多大，對爸媽來說都像孩子一般，一樣遠遠的擔心著我們。
　
今年也要回家陪媽媽哦！
　
#oBikeTW #共享單車 #騎單車靠邊編
#媽咪我愛妳","2017-05-13T07:20:57+0000","photo","https://www.facebook.com/oBikeTW/photos/a.1425276647545563.1073741828.1382921215114440/1480215075385053/?type=3","1382921215114440_1480215075385053",NA,7,0,1
"230","1382921215114440","oBike Taiwan","#每週一日單車日
　
擇日不如撞日，就今天吧！
走！我們騎車追風去！
　
#oBikeTW #共享單車 #減碳綠生活
#騎單車靠邊編","2017-05-13T01:00:00+0000","photo","https://www.facebook.com/oBikeTW/photos/a.1425276647545563.1073741828.1382921215114440/1479268295479731/?type=3","1382921215114440_1479268295479731",NA,11,3,0
"231","1382921215114440","oBike Taiwan","#oBike小教室 #單車駕駛安全手勢
　
手上舉是向右轉
平舉就是向左轉
手向下～擺一擺～慢慢停下來～
　
左左右右Zony&Yony來教大家正確的安全手勢
你一定要記下來唷～
　
#oBikeTW #共享單車 #騎單車靠邊編","2017-05-12T03:30:00+0000","link","https://gaming.youtube.com/watch?v=zhEafhxWeJk","1382921215114440_1478162312256996",NA,4,2,1
"232","1382921215114440","oBike Taiwan","#oBike小教室
　
左前煞，右後煞，左右分明騎乘無慮。
先右煞，在左煞，避免雷殘安全第一。
　
#oBikeTW #共享單車 #免雷殘
#騎單車靠邊編 #安全第一","2017-05-11T09:13:49+0000","photo","https://www.facebook.com/oBikeTW/photos/a.1425276647545563.1073741828.1382921215114440/1478153788924515/?type=3","1382921215114440_1478153788924515",NA,16,0,1
"233","1382921215114440","oBike Taiwan","走！
我們騎車去買午餐！
#思樂冰什麼時候才會有啊
#真的好想喝 #好熱
　
#oBikeTW #共享單車 #MYCITYMYWAY
#騎單車靠邊編","2017-05-11T04:31:34+0000","photo","https://www.facebook.com/oBikeTW/photos/a.1425276647545563.1073741828.1382921215114440/1477909615615599/?type=3","1382921215114440_1477909615615599",NA,14,4,0
"234","1382921215114440","oBike Taiwan","感謝花蓮「肉丸公主」的分享！
　
oBike 騎乘三步驟
1. 打開APP
2. 拍照解鎖
3. 騎就對惹
　
是不是超級簡單RRRRR~~~~
　
#oBikeTW #共享單車 #花蓮","2017-05-10T09:43:00+0000","link","http://zoone20.pixnet.net/blog/post/44981263-%E3%80%8E%E8%8A%B1%E8%93%AE%E7%8E%A9%E3%80%8Fobike%E7%84%A1%E6%A8%81%E5%85%B1%E4%BA%AB%E5%96%AE%E8%BB%8A%EF%BC%8C%E9%9A%A8%E5%80%9F%EF%BD%9E%E9%9A%A8%E9%A8%8E%EF%BD%9E","1382921215114440_1476887265717834",NA,22,2,5
"235","1382921215114440","oBike Taiwan","#騎行者
　
MY CITY MY WAY
我的城市　無所不行
　
#oBikeTW #共享單車
#騎單車靠邊編","2017-05-10T05:30:00+0000","photo","https://www.facebook.com/oBikeTW/photos/a.1425276647545563.1073741828.1382921215114440/1476637299076164/?type=3","1382921215114440_1476637299076164",NA,19,0,1
"236","1382921215114440","oBike Taiwan","今天的陽光好刺眼RRR
這種天氣超適合像我這樣的陽光男孩騎車的！（怎麼說？
　
#oBikeTW #共享單車 #晴天 #陽光男孩
#騎單車靠邊編","2017-05-10T03:02:07+0000","photo","https://www.facebook.com/oBikeTW/photos/a.1425276647545563.1073741828.1382921215114440/1476618219078072/?type=3","1382921215114440_1476618219078072",NA,6,1,0
"237","1382921215114440","oBike Taiwan","趁著雨停的時候
小編決定偷偷騎車出來買下午茶
大家有沒有推薦台北好吃的小點心呢～～～
　
#oBikeTW #共享單車 #騎單車靠邊編
#台北 #下午茶","2017-05-09T06:02:52+0000","photo","https://www.facebook.com/oBikeTW/photos/a.1425276647545563.1073741828.1382921215114440/1475537669186127/?type=3","1382921215114440_1475537669186127",NA,14,6,0
"238","1382921215114440","oBike Taiwan","才剛星期二，小編就想出去玩了！
大家猜猜看圖片是在臺灣的哪裡拍的呢？
　
照片提供：tsai_paul_egg「IG」
#oBikeTW #共享單車 #騎單車靠邊編","2017-05-09T02:40:31+0000","photo","https://www.facebook.com/oBikeTW/photos/a.1425276647545563.1073741828.1382921215114440/1475335732539654/?type=3","1382921215114440_1475335732539654",NA,25,2,2
"239","1382921215114440","oBike Taiwan","#BlueMonday
　
星期一不憂鬱，一起上班好開心
伙伴們！一起走吧！
　
#oBikeTW #共享單車
#快樂上班族 #騎單車靠邊編","2017-05-08T00:00:00+0000","photo","https://www.facebook.com/oBikeTW/photos/a.1425276647545563.1073741828.1382921215114440/1469876683085559/?type=3","1382921215114440_1469876683085559",NA,16,0,1
"240","1382921215114440","oBike Taiwan","#下班 #回家
　
春風吹拂，最適合騎著單車悠遊在大街小巷之中
一起跟小編騎車下班吧
　
#oBikeTW #共享單車 #TGIF
#騎單車靠邊編","2017-05-05T09:30:00+0000","photo","https://www.facebook.com/oBikeTW/photos/a.1425276647545563.1073741828.1382921215114440/1467501093323118/?type=3","1382921215114440_1467501093323118",NA,11,2,0
"241","1382921215114440","oBike Taiwan","#oBike小教室
　
騎乘時要雙手緊握不分離
最後的疼愛　不是手放開
　
#oBikeTW #共享單車 
#騎車時請勿滑手機 #必要時請路邊停車使用
#手別放開R #騎單車靠邊編","2017-05-05T04:00:00+0000","photo","https://www.facebook.com/oBikeTW/photos/a.1425276647545563.1073741828.1382921215114440/1467588683314359/?type=3","1382921215114440_1467588683314359",NA,11,1,0
"242","1382921215114440","oBike Taiwan","#oBikeTW #共享單車 更多的準備，只為更好的啟航","2017-05-04T06:16:43+0000","photo","https://www.facebook.com/oBikeTW/photos/a.1425276647545563.1073741828.1382921215114440/1468900083183219/?type=3","1382921215114440_1468900083183219",NA,3,2,1
"243","1382921215114440","oBike Taiwan","(展元模式啟動)
喜愛單車，熱愛單車，沒有單車就吃不下飯，就睡不著覺，甚至就會活不下去的單車痴、單車狂，各位車友，大家好！
　
再等我們一下下就好！！！
　
#oBikeTW #共享單車 #我好興奮R","2017-05-02T09:50:00+0000","photo","https://www.facebook.com/oBikeTW/photos/a.1425276647545563.1073741828.1382921215114440/1466104236796137/?type=3","1382921215114440_1466104236796137",NA,16,3,0
"244","1382921215114440","oBike Taiwan","#obike #obikers 旅途漫漫，只想有一個選擇，只想陪你一直前行：)","2017-05-02T07:42:29+0000","photo","https://www.facebook.com/oBikeTW/photos/a.1425276647545563.1073741828.1382921215114440/1466317556774805/?type=3","1382921215114440_1466317556774805",NA,11,4,0
"245","1382921215114440","oBike Taiwan","#oBike小教室
　
車子一定要停在規定的停車格中，才不會影響用路人的權益喔！
　
#oBikeTW #共享單車 #停車美學 #停好停滿","2017-05-02T02:01:01+0000","photo","https://www.facebook.com/oBikeTW/photos/a.1425276647545563.1073741828.1382921215114440/1454227781317116/?type=3","1382921215114440_1454227781317116",NA,14,5,0
"246","1382921215114440","oBike Taiwan","#本週最狂騎士
　
小編知道我們的車體非常堅固
但「置物籃請勿裝載活體生物」
　
#oBikeTW #共享單車 #車不是這麼騎的
#大家要做個有禮貌有公德心的騎士唷
#道路安全從自己做起","2017-04-30T13:07:04+0000","photo","https://www.facebook.com/oBikeTW/photos/a.1425276647545563.1073741828.1382921215114440/1464269950312899/?type=3","1382921215114440_1464269950312899",NA,22,3,1
"247","1382921215114440","oBike Taiwan","每週一日單車日
　
跟著oBike一起設定屬於你的單車日，低碳生活從你開始。
一起騎單車，享受綠生活愛地球吧！
　
#單車日 #oBikeTW #愛地球","2017-04-30T09:22:17+0000","photo","https://www.facebook.com/oBikeTW/photos/a.1425276647545563.1073741828.1382921215114440/1454105817995979/?type=3","1382921215114440_1454105817995979",NA,25,1,2
"248","1382921215114440","oBike Taiwan","#oBike小教室
　
我們是共享單車，您怎麼能有拿回家裡停的想法呢？
　
#oBikeTW #共享單車 #停車美學","2017-04-28T12:30:00+0000","photo","https://www.facebook.com/oBikeTW/photos/a.1425276647545563.1073741828.1382921215114440/1454229717983589/?type=3","1382921215114440_1454229717983589",NA,19,0,1
"249","1382921215114440","oBike Taiwan","#obike #obike陪你過週末 生活或真實或虛幻，oBike都是最真誠的存在","2017-04-28T11:21:37+0000","photo","https://www.facebook.com/oBikeTW/photos/a.1425276647545563.1073741828.1382921215114440/1462208460519048/?type=3","1382921215114440_1462208460519048",NA,4,0,0
"250","1382921215114440","oBike Taiwan","#oBike小教室
　
身為一位有禮貌的騎行者，把車停好也是必須的！
　
#oBikeTW #共享單車 #停車美學
#快快樂樂出門
#安安穩穩停車","2017-04-27T15:59:10+0000","photo","https://www.facebook.com/oBikeTW/photos/a.1425276647545563.1073741828.1382921215114440/1454233991316495/?type=3","1382921215114440_1454233991316495",NA,6,0,0
"251","1382921215114440","oBike Taiwan","#obike #共享經濟 oBike與你一起走向未來✨","2017-04-27T08:23:13+0000","photo","https://www.facebook.com/oBikeTW/photos/a.1425276647545563.1073741828.1382921215114440/1461080217298539/?type=3","1382921215114440_1461080217298539",NA,7,0,0
"252","1382921215114440","oBike Taiwan","#oBike小教室
　
還車三步驟
一.  將車停妥至公用停車格。
二.  保持藍芽為開啟狀態然後手動關鎖。
三.  APP出現『還車成功』結束行程。
以上
　
#是不是很簡單呢
#oBikeTW #共享單車","2017-04-26T12:42:34+0000","photo","https://www.facebook.com/oBikeTW/photos/a.1425276647545563.1073741828.1382921215114440/1454237371316157/?type=3","1382921215114440_1454237371316157",NA,21,14,11
"253","1382921215114440","oBike Taiwan","#obike #城市夜晚 面對川流不息的公車火車捷運，是時候放慢腳步，來一場夜的騎行~","2017-04-26T10:41:38+0000","photo","https://www.facebook.com/oBikeTW/photos/a.1425276647545563.1073741828.1382921215114440/1459999544073273/?type=3","1382921215114440_1459999544073273",NA,3,0,0
"254","1382921215114440","oBike Taiwan","不知道oBike停哪怎麼辦！讓小編來告訴你！ 你來問，我來答～","2017-04-25T15:16:56+0000","video","https://www.facebook.com/oBikeTW/videos/1459109364162291/","1382921215114440_1459109364162291",NA,16,18,9
"255","1382921215114440","oBike Taiwan","#obike #obike陪你成長 世界由我們所見組成，由我們努力去改變，因我們創造而精彩","2017-04-25T08:02:04+0000","photo","https://www.facebook.com/oBikeTW/photos/a.1425276647545563.1073741828.1382921215114440/1458643730875521/?type=3","1382921215114440_1458643730875521",NA,1,0,0
"256","1382921215114440","oBike Taiwan","#obike #obike帶你健康生活 活力能量每一天","2017-04-20T07:25:03+0000","photo","https://www.facebook.com/oBikeTW/photos/a.1425276647545563.1073741828.1382921215114440/1453042144769013/?type=3","1382921215114440_1453042144769013",NA,2,0,0
"257","1382921215114440","oBike Taiwan","#obike #obikers 人生有許多分叉口，選擇一條路，堅持不懈騎行到底","2017-04-19T08:28:01+0000","photo","https://www.facebook.com/oBikeTW/photos/a.1425276647545563.1073741828.1382921215114440/1451880801551814/?type=3","1382921215114440_1451880801551814",NA,2,1,0
"258","1382921215114440","oBike Taiwan","#obike #obike引領綠色生活 有節奏的生活，健康的食物，規律的運動","2017-04-17T07:47:53+0000","photo","https://www.facebook.com/oBikeTW/photos/a.1425276647545563.1073741828.1382921215114440/1449624618444099/?type=3","1382921215114440_1449624618444099",NA,0,0,0
"259","1382921215114440","oBike Taiwan","#oBike #oBike陪你去踏青 四月，騎行季-開闖人生新道路。","2017-04-14T10:02:20+0000","photo","https://www.facebook.com/oBikeTW/photos/a.1425276647545563.1073741828.1382921215114440/1446269348779626/?type=3","1382921215114440_1446269348779626",NA,5,0,0
"260","1382921215114440","oBike Taiwan","#obike always being on the way","2017-04-13T06:51:51+0000","photo","https://www.facebook.com/oBikeTW/photos/a.1425276647545563.1073741828.1382921215114440/1445041092235785/?type=3","1382921215114440_1445041092235785",NA,2,0,0
"261","1382921215114440","oBike Taiwan","#obike #obike陪你做運動 夏天就要來啦,準備好減脂減肉肉了嗎","2017-04-12T09:23:15+0000","photo","https://www.facebook.com/oBikeTW/photos/a.1425276647545563.1073741828.1382921215114440/1443962172343677/?type=3","1382921215114440_1443962172343677",NA,0,0,0
"262","1382921215114440","oBike Taiwan","#星期一 #午後 愛生活愛工作，努力每一天","2017-04-10T06:10:41+0000","photo","https://www.facebook.com/oBikeTW/photos/a.1425276647545563.1073741828.1382921215114440/1441459989260562/?type=3","1382921215114440_1441459989260562",NA,4,3,0
"263","1382921215114440","oBike Taiwan","感謝試營運期間各位的熱烈支持，近期內我們將和大家正式見面 。","2017-04-08T12:33:31+0000","status",NA,"1382921215114440_1439369726136255","oBike Taiwan was feeling joyful.",12,1,0
"264","1382921215114440","oBike Taiwan","#下午茶 #天氣好 週末下午茶時間約上好友一起來騎車叭","2017-04-08T06:46:49+0000","photo","https://www.facebook.com/oBikeTW/photos/a.1425276647545563.1073741828.1382921215114440/1439112886161939/?type=3","1382921215114440_1439112886161939",NA,3,0,0
"265","1382921215114440","oBike Taiwan","#obike陪你喝下午茶 #obike 慵懶的午後，騎oBike去附近咖啡廳，來一杯溫熱的咖啡☕醒醒腦","2017-04-07T07:00:26+0000","photo","https://www.facebook.com/oBikeTW/photos/a.1425276647545563.1073741828.1382921215114440/1437964069610154/?type=3","1382921215114440_1437964069610154",NA,1,2,0
"266","1382921215114440","oBike Taiwan","#obike #taiwan #午後 又是一個溫和的午後☀️☀️在家和貓咪玩～騎oBike出門郊遊～","2017-04-06T06:13:22+0000","photo","https://www.facebook.com/oBikeTW/photos/a.1425276647545563.1073741828.1382921215114440/1436674003072494/?type=3","1382921215114440_1436674003072494",NA,4,0,0
"267","1382921215114440","oBike Taiwan","#obike #obike陪你去踏青 感受到春天的氣息了嗎☺騎上你的obike一起在春風裡沐浴陽光吧","2017-04-05T10:17:17+0000","photo","https://www.facebook.com/oBikeTW/photos/a.1425276647545563.1073741828.1382921215114440/1435653976507830/?type=3","1382921215114440_1435653976507830",NA,4,0,0
"268","1382921215114440","oBike Taiwan","信息收集用車FAQ","2017-04-01T07:33:26+0000","status",NA,"1382921215114440_1430922190314342","oBike Taiwan published a note.",9,16,0
"269","1382921215114440","oBike Taiwan","來參與oBike 意見收集活動吧！

oBike 非常重視用戶的滿意度。為了讓用戶有更好的體驗，oBike 會於近日舉行意見收集活動。在為期1週的活動時間內，oBike會提供受訪用戶自行車以收集不同意見，從而提高服務水平。
 
參加方式：
通過Facebook Inbox或線下流動報名點報名參加。
請留下您的手機號碼，方便工作人員聯絡哦~
報名時間: 4月1日~8日
掃描圖中二維碼或點擊以下鏈接，參與調查問卷。
名額有限, 先到先得哦~
鏈接：https://www.surveymonkey.com/r/CT5ZBRC
（此次活動用車FAQ請查看下一條貼文“信息收集用車FAQ”）","2017-04-01T07:21:40+0000","photo","https://www.facebook.com/oBikeTW/photos/a.1425276647545563.1073741828.1382921215114440/1430903373649557/?type=3","1382921215114440_1430903373649557",NA,5,6,0
"270","1382921215114440","oBike Taiwan","#obike #obike陪你做運動 休閒時間到✌騎上你的obike去最近的球場來一局保齡球","2017-03-31T10:50:49+0000","photo","https://www.facebook.com/oBikeTW/photos/a.1425276647545563.1073741828.1382921215114440/1429815327091695/?type=3","1382921215114440_1429815327091695",NA,3,0,0
"271","1382921215114440","oBike Taiwan","#obike #obike陪你吃吃吃 漫長的午後，騎oBike去喝下午茶吧","2017-03-31T06:56:24+0000","photo","https://www.facebook.com/oBikeTW/photos/a.1425276647545563.1073741828.1382921215114440/1429632433776651/?type=3","1382921215114440_1429632433776651",NA,0,0,0
"272","1382921215114440","oBike Taiwan","#obike #obike陪你喝下午茶 工作學習間隙，喝杯咖啡☕一起轉轉脖子扭扭腰動動腿~準備好下課下班開始騎動obike了嗎","2017-03-30T08:32:42+0000","photo","https://www.facebook.com/oBikeTW/photos/a.1425276647545563.1073741828.1382921215114440/1428513517221876/?type=3","1382921215114440_1428513517221876",NA,2,0,0
"273","1382921215114440","oBike Taiwan","#obike #obike陪你吃美好的一天即將結束，下班前一起來口甜叭","2017-03-29T10:32:46+0000","photo","https://www.facebook.com/oBikeTW/photos/a.1425276647545563.1073741828.1382921215114440/1427553553984539/?type=3","1382921215114440_1427553553984539",NA,1,0,0
"274","1382921215114440","oBike Taiwan","#obiketw #obiketaiwan #obike陪你去玩 伴著午後暖暖陽光，一起騎obike去郊遊","2017-03-29T06:03:01+0000","photo","https://www.facebook.com/oBikeTW/photos/a.1425276647545563.1073741828.1382921215114440/1427398124000082/?type=3","1382921215114440_1427398124000082",NA,2,0,0
"275","1382921215114440","oBike Taiwan","#obike #taiwan #obike陪你去玩 現在是不是騎著obike在遊樂園玩呢？","2017-03-28T13:20:55+0000","photo","https://www.facebook.com/oBikeTW/photos/a.1425276647545563.1073741828.1382921215114440/1426648377408390/?type=3","1382921215114440_1426648377408390",NA,4,0,0
"276","1382921215114440","oBike Taiwan","#obike #obike下午茶 #甜甜圈 騎著obike去喝下午茶吧～","2017-03-28T06:18:51+0000","photo","https://www.facebook.com/oBikeTW/photos/a.1425276647545563.1073741828.1382921215114440/1426373470769214/?type=3","1382921215114440_1426373470769214",NA,3,0,0
"277","1382921215114440","oBike Taiwan",NA,"2017-03-27T08:47:53+0000","photo","https://www.facebook.com/oBikeTW/photos/a.1392045794201982.1073741826.1382921215114440/1425391620867399/?type=3","1382921215114440_1425393737533854","oBike Taiwan updated their cover photo.",4,0,1
"278","1382921215114440","oBike Taiwan","oBike無樁共享自行車登陸台灣啦！找到附近的oBike，用oBike app掃碼，解鎖，開始騎行吧~陽光燦爛的春天，讓oBike陪你感受生活的美好！","2017-03-27T08:23:41+0000","photo","https://www.facebook.com/oBikeTW/photos/a.1425276647545563.1073741828.1382921215114440/1425373184202576/?type=3","1382921215114440_1425378140868747","oBike Taiwan added 3 new photos — feeling fantastic.",5,1,7
"279","1382921215114440","oBike Taiwan","怎樣騎著oBike出行呢？點擊視頻來了解一下吧~~","2017-03-27T08:05:12+0000","video","https://www.facebook.com/oBikeTW/videos/1425351204204774/","1382921215114440_1425351204204774","oBike Taiwan is feeling pumped.",8,4,9
"280","1382921215114440","oBike Taiwan",NA,"2017-03-27T05:53:54+0000","photo","https://www.facebook.com/oBikeTW/photos/a.1392047454201816.1073741827.1382921215114440/1425290237544204/?type=3","1382921215114440_1425290237544204","oBike Taiwan updated their profile picture.",8,5,0
"281","1382921215114440","oBike Taiwan",NA,"2017-03-23T10:24:50+0000","photo","https://www.facebook.com/oBikeTW/photos/a.1392045794201982.1073741826.1382921215114440/1421025307970697/?type=3","1382921215114440_1421025684637326","oBike Taiwan updated their cover photo.",5,0,0
